"date","title","video_id","viewCount","likeCount","dislikeCount","commentCount","source"
2016-01-05,"Inside the Brooklyn Home of Artist Mickalene Thomas","SMX60fh5u7o","29346","1304","7","27","Vogue"
2016-01-18,"Watch Irene Kim’s Japanese Hot Springs Adventure","r-shJpCflvQ","59103","1206","29","38","Vogue"
2016-01-19,"73 Questions With Derek Zoolander","H4q0K561WXs","2395735","34455","1817","1754","Vogue"
2016-01-22,"Watch Pop Star in the Making Zella Day Perform a Heartbreaking Ballad","wg19p1cDSRE","58920","2104","9","101","Vogue"
2016-02-02,"Cleaning House With Organizing Guru Marie Kondo","z3OXvQZe7g8","392529","4121","870","171","Vogue"
2016-02-11,"Here’s What It’s Like to Be Lucky Blue Smith During Fashion Week","LIKTr9vXRQI","141677","2853","52","131","Vogue"
2016-02-15,"Diane von Furstenberg Fall 2016 Ready-to-Wear | New York Fashion Week","45vuj7Mz4r4","36196","1240","11","42","Vogue"
2016-02-15,"Public School Fall 2016 Ready-to-Wear | New York Fashion Week","9JTeUgGnG_Q","11840","354","12","10","Vogue"
2016-02-17,"Oscar de la Renta Fall 2016 Ready-to-Wear | New York Fashion Week","Yg5cPR-k3OQ","17000","659","4","22","Vogue"
2016-02-19,"New York Fashion Week Fall 2016: Vogue’s Anna Wintour on All the Top Shows","BPBAM9bLY-Q","67233","1118","7","44","Vogue"
2016-02-22,"Watch the First Monday in May Trailer","MRFCVG85X_s","540195","5006","87","171","Vogue"
2016-02-26,"CL, Joey Bada$$ and a Posse of Models Show Off the Best Looks of NYFW | Hello Bitches MV | Vogue","nGB-a4p0eCU","1723788","51297","915","1103","Vogue"
2016-02-26,"Fendi Fall 2016 Ready-to-Wear | Milan Fashion Week","OQG9NkWEOGE","12319","376","3","12","Vogue"
2016-03-02,"Kendall Jenner, Gigi Hadid & Kim Kardashian West Do NYFW and McDonald's | Vogue","4A1oMb9XIVA","6917389","84767","2318","1896","Vogue"
2016-03-03,"Vogue’s Anna Wintour on Milan Fashion Week’s Fall 2016 Shows","7sDE0u6ybN0","32758","643","9","30","Vogue"
2016-03-05,"Irina Shayk, Taylor Hill, and More Have Legs for Days!","ScB6YTXGarA","127317","2288","49","80","Vogue"
2016-03-07,"Givenchy Fall 2016 Ready-to-Wear | Paris Fashion Week","yfIm_dajOCM","15680","375","7","23","Vogue"
2016-03-07,"Stella McCartney Fall 2016 Ready-to-Wear | Paris Fashion Week","hxvqj_MrUTE","18629","492","6","12","Vogue"
2016-03-11,"Yael Naïm Preforms “Trapped” Off Her Latest Album, Older","SyZLJx5kfFg","11315","476","1","20","Vogue"
2016-03-16,"SXSW Band Sunflower Bean Performs “Easier Said”","I5lne-pQRrY","69933","1465","22","62","Vogue"
2016-03-18,"Dsquared2 Fall 2016 Ready-to-Wear | Milan Fashion Week","nHCMYfRGotU","6477","173","10","10","Vogue"
2016-03-22,"How to Pack for a Journey to the Great Outdoors, Courtesy of Vogue’s Branded Content Director","ztlqPymE-3E","40095","1475","22","21","Vogue"
2016-03-23,"Kendall Jenner and Gigi Hadid's Sleepover Party | Vogue","OCCoM4yn1mU","4027160","57782","1015","894","Vogue"
2016-03-31,"Cameron Dallas Dances, Pranks, and Kisses His Way Through New York City","mWEMyZdczZc","106592","4864","302",NA,"Vogue"
2016-04-05,"7 Rules for Throwing the Perfect Cocktail Party With Southern Charm’s Patricia Altschul","Pk-BmuVbkWk","37841","477","17","27","Vogue"
2016-04-11,"Supermodels Reveal Their Denim Obsession","AO_G8ylF0m4","129191","1806","23","51","Vogue"
2016-04-15,"Inside Zayn Malik and Gigi Hadid’s First Photo Shoot as a Couple","TSRvY1kKebY","5424494","65691","2202","2254","Vogue"
2016-04-19,"73 Questions With Taylor Swift | Vogue","XnbCSboujF4","19200748","288941","14404","23599","Vogue"
2016-04-22,"Decoding French Gestures, With Aymeline Valade","FwzF9fhNt80","93510","1889","43","43","Vogue"
2016-04-29,"A History of the Met Gala in 60 Seconds","W96_Dd9bI5Y","264624","3963","120","102","Vogue"
2016-04-29,"Cami Morrone Makes the Ultimate Post-Workout Smoothie","LxCD5czIJCc","192665","4309","49","88","Vogue"
2016-05-02,"32 Best Boundary-Pushing Met Gala Beauty Looks","uOsabEIeikY","53471","825","92","45","Vogue"
2016-05-03,"Sarah Jessica Parker and Andy Cohen on Creativity | Met Gala 2016","E71dYZYXjsw","87273","843","10","35","Vogue"
2016-05-03,"Jaden and Willow Smith on How They Define Creativity | Met Gala 2016","Gk8fMD3eWck","647949","5538","228","437","Vogue"
2016-05-03,"Chloë Sevigny on Ogling Women at the Met Gala and Hating Selfies | Met Gala 2016","s5y3Kys3Ip4","45855","331","15","30","Vogue"
2016-05-03,"Lupita Nyong'o on Her Matrix and Nina Simone-Inspired Look | Met Gala 2016","GvAbp9_9piU","98837","875","15","69","Vogue"
2016-05-03,"Bella Hadid on How Long It Takes to Get Ready for the Met Gala | Met Gala 2016","0emuOcTgBQw","386253","3591","86","173","Vogue"
2016-05-03,"Kim Kardashian and Kanye West on Eating Reindeer | Met Gala 2016","yh53j7SLK1U","638900","4139","725","475","Vogue"
2016-05-03,"Gigi Hadid on Her Futuristic Bathing Suit and Chrome Knuckles | Met Gala 2016","DsMJLHjen7s","413586","3491","141","128","Vogue"
2016-05-03,"Kylie Jenner on Her First Met Gala | Met Gala 2016","tZCGrbM-YLM","450057","3927","312","310","Vogue"
2016-05-03,"Wiz Khalifa on Creativity: ""Being as Innocent as Possible"" | Met Gala 2016","DJw8_R3B_VQ","148584","709","21","85","Vogue"
2016-05-03,"Aziz Ansari on 'Lemonade' and 'Master of None' Season 2 | Met Gala 2016","3dPYm9kDwmw","31657","315","9","14","Vogue"
2016-05-04,"Supermodel Adriana Lima Gets Ready for the Met Gala","mCfsrosu_OI","1259918","14161","201","309","Vogue"
2016-05-05,"Cameron Dallas Gets Ready for the Met Gala","g4wYHydcDhY","478164","9571","1056","423","Vogue"
2016-05-05,"Nick Jonas Suits Up for the Met Gala","wVZzYknXPUg","60347","1496","40","32","Vogue"
2016-05-06,"The 5-Step French Girl Workout With Model Caroline de Maigret","8cnuNvf_Y3M","516661","13259","191","178","Vogue"
2016-05-16,"Margot Robbie’s Beauty Routine Is Psychotically Perfect | Vogue","RWc8V-iKJ7s","7913033","143468","3929","5821","Vogue"
2016-05-24,"Cannes Winner Xavier Dolan Talks Adele and Movies Without Happy Endings","HbAH3XzRRRc","81800","2116","13","58","Vogue"
2016-06-01,"Lena Dunham Tries Meditation | Vogue","jJiWkbXcZ6w","172985","2616","421","169","Vogue"
2016-06-06,"How to Get the Ultimate Beach Wave Hair With Model Cami Morrone | Beauty Secrets | Vogue","TpROMj33b4g","615446","12020","101","164","Vogue"
2016-06-06,"The Myth Of Orpheus and Eurydice, Part One: The Wedding | Vogue","v-U5c38WhrA","311499","1514","25","32","Vogue"
2016-06-06,"The Myth Of Orpheus and Eurydice, Part Four: The Petition of Hades | Vogue","ytuRuFgMGe0","126108","1000","12","62","Vogue"
2016-06-09,"73 Questions With James Corden | Vogue","2AjAToIfEPc","5130855","79755","764","2773","Vogue"
2016-06-13,"Tyler, The Creator’s Fashion Show Was Unlike Anything You’ve Ever Seen","q1GdvcMsiWk","920378","29724","160","854","Vogue"
2016-06-14,"Desiigner Takes “Panda” to Wall Street With Model Andreea Diaconu | Vogue","ptNH5nhmErM","251449","3812","120","184","Vogue"
2016-06-16,"Amy Schumer and Anna Wintour Swap Lives | Vogue","5Av3ZKrDxKM","3402892","35326","2131","1146","Vogue"
2016-06-17,"36 Hours With Ashley Graham, Supermodel! | Vogue","lcyokadl-cY","1142586","13332","396","854","Vogue"
2016-06-20,"Model Carlotta Kohl's Perfect After-Dark Beauty Look | Beauty Secrets | Vogue","Av1v9eQuBbw","342523","5832","202","82","Vogue"
2016-06-22,"Easy Raspberry Jam","VMvRkIlJVis","89790","2245","34","47","Vogue"
2016-06-22,"Learn the Secret Ingredient to the Perfect PB+J Sandwich","z5vRFgWywhY","66594","1535","39","44","Vogue"
2016-06-27,"South Korean Longboarder Ko Hyojoo Rolls Through Seoul in Style","ynakjV77kZk","865996","19991","198","454","Vogue"
2016-07-11,"Rodney Mullen Debuts New Tricks, Captured in 360 Degrees | Vogue","-3tDvMG87Ro","1560338","21906","611","2062","Vogue"
2016-07-14,"Gigi Hadid and Olympian Ashton Eaton Film With A Selfie Stick, Watch What Happens | Vogue","JRqRbR1-Tjc","185291","3209","82","147","Vogue"
2016-07-19,"Watch French It Girl Soko’s Trick for the Ultimate Moody Eyeshadow | Beauty Secrets | Vogue","HtF-UWOwges","569979","13899","732","416","Vogue"
2016-07-21,"Supermodel Gigi Hadid Does Los Angeles Like You’ve Never Seen Before | Vogue","eQ62tOo0FPQ","7100645","78736","3746","2949","Vogue"
2016-07-28,"73 Questions With Serena Williams | Vogue","Gpu_st4ynLc","2679444","35394","1127","3710","Vogue"
2016-08-01,"16 Steps to Looking Like a K-Pop Star With Jessica Jung | Beauty Secrets | Vogue","I8ktbz585t4","4449379","121297","2189","4943","Vogue"
2016-08-02,"Camille Rowe asks What on Earth is Wellness? (Series Trailer) | Vogue","5SqP7Nb93BY","91278","2828","29","121","Vogue"
2016-08-05,"Victoria’s Secret Model Izabel Goulart’s Rio Walking Tour | Vogue","MASdI8MhvSw","100495","2188","46","83","Vogue"
2016-08-10,"Olympic Wrestler Helen Maroulis Fights Like a Girl | Vogue","VofXC2nT1v8","120319","1929","30","87","Vogue"
2016-08-15,"Victoria Beckham’s Five-Minute Face | Beauty Secrets | Vogue","aWhFs0ndDsM","4986365","33827","3067","1095","Vogue"
2016-08-16,"73 Questions With Kendall Jenner | Vogue","lsFPbgK1v9I","20665383","251822","29639","17718","Vogue"
2016-08-22,"Bella Hadid’s Jet-Lag Beauty Survival Guide | Beauty Secrets | Vogue","_u86npjGe7w","6674443","100727","2471","2796","Vogue"
2016-08-23,"Camille Rowe Explores Psychology & Mindfulness (Clip 3) | What on Earth is Wellness? | British Vogue","oT_QTImmUHc","53346","831","52","58","Vogue"
2016-09-12,"Victoria Beckham’s Pivotal NYFW Show: “I Really Feel I’ve Come Into My Own” | Vogue","YUzx6jMMHE8","92962","1562","68","125","Vogue"
2016-09-12,"Gigi Hadid on Bringing Her Sporty and Hippie Style to Tommy Hilfiger | Vogue","C2z-vBgR7-o","305191","5915","156","168","Vogue"
2016-09-15,"Lupita Nyong’o Visits Her Family Home and Farm in Kenya | Vogue","0NMOdFEIj6o","1382893","36926","258","2436","Vogue"
2016-09-15,"73 Questions With Simone Biles | Vogue","HHxRBljtoqU","4330793","49743","2522","3432","Vogue"
2016-09-16,"Travis Scott’s Fashion Week Ride Is a Helicopter | Getting Ready | Vogue","0XpjGRKkAcQ","38780","768","26","31","Vogue"
2016-09-18,"NFL Star Cam Newton and Karlie Kloss Go On Set With Vogue","DI1BbU4uzmM","116583","1589","153","204","Vogue"
2016-09-20,"Dree Hemingway’s Real-Girl Guide to No-Makeup Makeup | Beauty Secrets | Vogue","qtXLBcplNJ0","784221","10843","230","163","Vogue"
2016-09-20,"Teyana Taylor on Walking in Kanye West’s Yeezy Show and Twinning With Her Husband | Vogue","U0_X4xIY3JY","43350","731","34","24","Vogue"
2016-09-21,"Teyana Taylor on Air Force 1s vs. Superstars and Other Tough Choices | Would You Rather","zTu3VkuORUQ","22960","323","28","19","Vogue"
2016-09-29,"Rihanna on How to Rock Her Fenty x Puma Looks | Vogue","CxRJtHQoJpU","167096","2517","60","107","Vogue"
2016-10-05,"What’s In Your Bag with Diane Lane | Vogue","QkPt3msECvs","525774","2580","291","149","Vogue"
2016-10-07,"Sean “Diddy” Combs and the Bad Boy Family on Their Best Throwback Memories | Vogue","Aac1zMpMvtQ","9084","145","16","14","Vogue"
2016-10-11,"One Million Stories. One Million Lives Changed, Part One: Sri Lanka","sw6EofWILhA","85096","564","2","16","Vogue"
2016-10-11,"One Million Stories. One Million Lives Changed, Part Five: The Future","2hf35gTCC0M","47468","345","3","10","Vogue"
2016-10-11,"One Million Stories. One Million Lives Changed, Part Three: Margaret","155rVNO-v08","50911","346","4","6","Vogue"
2016-10-18,"73 Questions With Emma Stone | Vogue","N8HqyuLBqnU","11131045","157957","5859","9057","Vogue"
2016-10-20,"Korean Model Hoyeon Jung’s Steps for Perfect Skin and a Two-Tone Lip | Beauty Secrets | Vogue","2BxbHCg39Sk","1660086","41100","497","701","Vogue"
2016-10-25,"Grace Hartzel’s David Bowie Halloween Makeover | Beauty Secrets | Vogue","k1081-5gs9E","342636","7831","122","173","Vogue"
2016-10-26,"Ciara’s Day-to-Night Makeup Refresh | Beauty Secrets | Vogue","z4VT4gik54w","629485","10998","295","342","Vogue"
2016-10-28,"The 19 Best Collections From Paris Fashion Week, On the Coolest Dancers in Paris | Vogue","mRNZy8caQVs","38027","1610","28","38","Vogue"
2016-10-31,"Suki Waterhouse’s Guide to It Brit Eyeliner | Beauty Secrets | Vogue","pEBeBQLCSx0","957054","14759","380","362","Vogue"
2016-11-07,"Adriana Lima, Lily Aldridge, and More Show What Happens at the Victoria’s Secret Angel Fittings","nqRKdaYAK9w","521343","7598","88","324","Vogue"
2016-11-09,"Ashley Graham's Red Carpet Beauty Look | Beauty Secrets | Vogue","iynyZLWqjQ8","1236012","26520","278","562","Vogue"
2016-11-11,"Contestants Pitch Their Designs to Anna Wintour and the Judges | Vogue","Y82TpuAdTHY","806600","7113","205","404","Vogue"
2016-11-11,"Anna Wintour & Diane von Furstenberg Decide the Fashion Fund Finalists | Vogue","QJMvJWdENHw","308874","2320","55","147","Vogue"
2016-11-11,"Zendaya Announces 2016 CFDA/Vogue Fashion Fund Winner | Vogue","hoO38nt6ejA","243323","2860","44","147","Vogue"
2016-11-11,"Emma Stone & Katy Perry Watch the Creative Final Fashion Show | Vogue","yMQsG39DdbA","422847","4685","138","204","Vogue"
2016-11-11,"The Finalists Share Their Movie-Inspired Instagram Posts | Vogue","xWmWxdohFyY","192747","1332","22","31","Vogue"
2016-11-11,"Desiigner Models Clothing & Raps a Verse for Anna Wintour | Vogue","5YlOCs96Grc","636106","5742","621","981","Vogue"
2016-11-15,"Gwyneth Paltrow’s Guide to Glowing Skin | Beauty Secrets | Vogue","Eog5RGbqgKQ","1514485","12468","757","552","Vogue"
2016-11-22,"Ciara on How to Dress for the Red Carpet When You're Pregnant | Vogue","jwYWXitAhg0","54200","1127","18","59","Vogue"
2016-11-28,"Karen Elson Does Manhattan Party Makeup | Beauty Secrets | Vogue","vONyW7DxzjU","349220","4974","83","142","Vogue"
2016-12-01,"Khloé Kardashian's Better Butt Workout Video | Vogue","J3jGT9d4NvY","363177","5190","1118","420","Vogue"
2016-12-05,"Victoria’s Secret Angels Sleepover: Taylor Hill, Jasmine Tookes, and More Prep for the 2016 Show","yjP1WBklZnc","884013","15018","154","333","Vogue"
2016-12-06,"How Kendall, Gigi, Adriana, and More Find Their Mojo Before the Victoria’s Secret Show | Vogue","3cUQTZ6EjEU","355988","5442","123","193","Vogue"
2016-12-06,"Aluna Francis of AlunaGeorge Breaks Down Her Beauty Routine | Vogue","2_eCgSlPw0o","126797","1690","56","35","Vogue"
2016-12-07,"Ruth Negga’s Best Worst Jokes | Vogue","3aQNOYBsJP8","82542","1496","13","95","Vogue"
2016-12-12,"Kendall Jenner; Tyler, The Creator; and Travis “Taco” Bennett Take Over the Vogue Set","_q81QPYDKLE","2148208","44574","785","1465","Vogue"
2016-12-19,"73 Questions With Neil Patrick Harris | Vogue","CchqGSPNvns","3733318","79048","1051","2849","Vogue"
2016-12-20,"Bergdorf! Bodegas! Hot Cheetos! Taylor Hill Is the Supermodel Next Door | Vogue","JzD0xJ-pa2M","1344909","23146","481","825","Vogue"
2017-01-09,"Drew Barrymore’s Genius Guide to On-the-Go Beauty | Beauty Secrets | Vogue","FrBGUzdZ6PU","856396","11521","194","396","Vogue"
2017-01-18,"Teyana Taylor’s New Dance Workout Is the Only Fitspiration You Need | Vogue","X9TgP3LRJvc","1627040","21810","977","474","Vogue"
2017-02-07,"73 Questions With Lena Dunham | Vogue","552vc2FHhNE","1396016","12994","12599","124","Vogue"
2017-02-09,"Sarah Jessica Parker Narrates the 1950s in Vogue  | Vogue by the Decade","0xER5urYjsE","83638","4082","10","94","Vogue"
2017-02-14,"141st Westminster Kennel Club Dog Show | Vogue","7QtOifKvuPw","25443","876","10","33","Vogue"
2017-02-16,"Sarah Jessica Parker Narrates the 1920s in Vogue  | Vogue by the Decade","eE5vFvt0DN0","76367","3264","13","52","Vogue"
2017-02-16,"Craig & Karl: Inside Their Transatlantic Creative Process | Inspired to Create Ep. 3","YkMFRnF9RRQ","128443","237","1","4","Vogue"
2017-02-23,"Sarah Jessica Parker Narrates 1892-1900s in Vogue  | Vogue by the Decade","jFZcrADRUxc","45662","1738","5","20","Vogue"
2017-02-25,"Ashley Graham, Chrissy Teigen, and More in New York Fashion Week’s Most Soul-Shaking Looks","ZAxHyA2yplg","113250","3536","53","91","Vogue"
2017-02-28,"73 Questions With Ashley Graham | Vogue","KFzKKiFBYy0","2499833","42951","1208","1986","Vogue"
2017-03-01,"Priyanka Chopra Reveals 3 All-Natural, DIY Skin Secrets | Vogue","948MLgRGNyU","10478619","218123","7052","3155","Vogue"
2017-03-03,"Daniel Arnold’s New York | Vogue","OtKdzBCRlPE","150660","7919","93","181","Vogue"
2017-03-08,"The Egyptian Cat-Eye Is Easier Than It Looks | Vogue","c1wWgQOkBho","253127","5401","106","167","Vogue"
2017-03-11,"Anna Wintour on the Trends of Paris Fashion Week","MdoYnsfv-Zo","84063","1555","23","26","Vogue"
2017-03-14,"Sarah Jessica Parker Narrates the 1960s in Vogue | Vogue by the Decade","aPYHa6RhEhw","68660","2718","19","74","Vogue"
2017-03-15,"A Local’s Guide to Chicano Style in Los Angeles | American Women | Vogue","9ihjWXPh9Hs","520183","22105","796","1131","Vogue"
2017-03-16,"Selena Gomez Goes Behind the Scenes With Vogue","p1WD_rDHsFc","424065","10663","224","378","Vogue"
2017-03-21,"73 Questions With Selena Gomez | Vogue","_GFkHA5EZdE","17992195","405761","10929","19989","Vogue"
2017-03-24,"Emily Ratajkowski’s Paris Fashion Week Adventure | Supermodel! | Vogue","sKmINEAkxok","270318","5335","231","227","Vogue"
2017-03-27,"Sarah Jessica Parker Narrates the 1930s in Vogue  | Vogue by the Decade","k1AemRjiQH0","67148","2584","15","65","Vogue"
2017-04-11,"This Sex Columnist's Beauty Routine Will Make You Better at Flirting | Vogue","bMnxopJTyfE","539430","5233","871","395","Vogue"
2017-04-25,"Watch This 1980s Supermodel’s Spectacular Age-Defying Beauty Routine | Beauty Secrets | Vogue","EVe6zujlnvI","7510411","240066","3026","11942","Vogue"
2017-04-30,"73 Questions With Aziz Ansari | Vogue","w_a4aIN-xX8","2019594","28208","1881","1833","Vogue"
2017-05-02,"Future & Jourdan Dunn on Living All Over the World | Met Gala 2017","osywo5RuCec","144727","1109","21","87","Vogue"
2017-05-02,"Tom Brady & Gisele Bündchen on Her ""Bootylicious"" Dress | Met Gala 2017","y9I_o9x3-o0","290023","2601","83","148","Vogue"
2017-05-02,"Wiz Khalifa Shares His Pre-Met Gala Secret | Met Gala 2017","ms9cwNwV_gY","95944","1552","36","46","Vogue"
2017-05-02,"Rihanna on Her Game-Changing Met Gala Red Carpet Look | Met Gala 2017","QhYHwJC6pbg","630869","7914","160","343","Vogue"
2017-05-02,"Lupita Nyong’o on When Sexy Takes the Front Row | Met Gala 2017","Er67430i1jw","106021","1405","9","86","Vogue"
2017-05-02,"Katy Perry on Her Avant-Garde Met Gala Dress | Met Gala 2017","FtwFuWI-pS4","377085","2856","540","390","Vogue"
2017-05-03,"Priyanka Chopra Pulls an Angelina Jolie Fashion Moment at Her First Met Gala | Met Gala 2017","-Rz-bttm5sE","648958","6793","340","404","Vogue"
2017-05-08,"The Best Moments From the Met Gala’s Vogue x Instagram Studio | Met Gala 2017","tiRug9yJhEo","207282","5262","120","230","Vogue"
2017-05-10,"Elle Fanning's Fan Fantasy | Vogue","F0TNJHPb39c","829749","42164","306","759","Vogue"
2017-05-16,"Brazilian Supermodel Isabeli Fontana Shows How to Prep Your Skin for Bed | Beauty Secrets | Vogue","I7yNxeTZZaw","882180","11559","522","351","Vogue"
2017-05-17,"24 Hours with Katy Perry at the 2017 Met Gala | Vogue","sIjSSbfXNHI","1230947","21808","1308","887","Vogue"
2017-05-24,"73 Questions With Priyanka Chopra | Vogue","dOUV2rwMr1g","7802286","168707","4724","8929","Vogue"
2017-05-26,"Model Grace Hartzel Gets the Vogue Girl Look | Beauty Secrets | Vogue","eoganOAP_rA","1156056","21630","507","799","Vogue"
2017-06-08,"Beth Ditto Does Brighton Beach | Vogue","XJ_JKt2f0Lk","48142","1355","60","56","Vogue"
2017-06-11,"24 Hours With Broadway Actress Denée Benton","ea0b6f6aNWE","79544","2994","17","81","Vogue"
2017-06-13,"Hari Nef's 10-Step Beauty Prep for a Night Out | Beauty Secrets | Vogue","W61trr1tR3c","559141","13222","575","900","Vogue"
2017-06-15,"Zendaya Does 100 Years of Beauty | Vogue","Yhvk0pKPfZw","2809866","129242","1535","2411","Vogue"
2017-06-22,"How Rapper Young M.A. Keeps It Real When She Shops | Vogue","uWLB23NCJHs","610657","7040","276","356","Vogue"
2017-06-23,"How Valentina From RuPaul’s Drag Race Becomes Fabulous | Beauty Secrets | Vogue","cqpXL78yRqc","3468769","99472","4182","3847","Vogue"
2017-06-28,"Crystals, Cocktails, and Karaoke: 24 Hours With Supermodel Miranda Kerr | Vogue","cPfxnrgXsVo","661192","10730","379","332","Vogue"
2017-07-11,"Naomi Watanabe’s Guide to Glitter Eyes and Bold Lips | Beauty Secrets | Vogue","z7BihsCK-wU","4599809","84663","924","2496","Vogue"
2017-07-13,"73 Questions With Gigi Hadid | Vogue","kjulGt3rolY","11393051","192884","10057","9410","Vogue"
2017-07-16,"Miranda Kerr’s Fairy-Tale Wedding Dress Fitting | Vogue","qlB0m541Q3A","1650242","16755","540","672","Vogue"
2017-07-17,"Miranda Kerr Applies Her Glowing Wedding Day Makeup | Beauty Secrets | Vogue","GUwlbrSqDIs","4456683","61737","1279","1510","Vogue"
2017-07-18,"Miranda Kerr’s Ultimate Pre-Wedding Detox | Vogue","jc0f8Xbk1vk","732245","13798","388","384","Vogue"
2017-07-20,"Céline Dion Takes Paris in the Best Couture Looks of the Season | Vogue","exfR9QMN9Mk","711861","12516","386","712","Vogue"
2017-07-26,"Zayn Malik Sounds Off on Fashion, Fame, and the Meaning Behind His Home Studio | Vogue","YakTpnzw3GA","1380456","31898","667","2449","Vogue"
2017-07-31,"HOUSE OF Z- Official Trailer- The Zac Posen Documentary","rHa95m7rtk8","100104","1908","23","69","Vogue"
2017-08-01,"Singer Lizzo’s Beauty Secret Is Also the Name of Her New EP | Beauty Secrets | Vogue","ANZU0_nm7xI","122813","2966","91","109","Vogue"
2017-08-09,"Everything It Took to Create Jennifer Lawrence’s September Cover Shoot | Vogue","qW4VJmXJIZ0","1432151","20776","1136","1093","Vogue"
2017-08-14,"73 Questions With Cindy Crawford | Vogue","dGVVuoOarbs","1865723","24392","856","2623","Vogue"
2017-08-15,"Kendall Jenner Takes You on a 360° Tour of Her Closet | Supermodel Closets | Vogue","YCDVFF6-AOs","9643153","113720","10029","4211","Vogue"
2017-08-22,"Kendall Jenner Shares Her Morning Beauty Routine | Beauty Secrets | Vogue","rfmXkhBieXA","12885860","233583","10141","6761","Vogue"
2017-08-23,"Kendall Jenner, Selena Gomez, Cindy Crawford, and More Discuss Their First Vogue Covers | Vogue","iCepINjKo1s","417003","9501","163","794","Vogue"
2017-08-29,"Mariah Carey: The Diva Takes Us Inside Her Closet | Vogue","ejWwn3Ytnkc","1869098","21909","1564","2932","Vogue"
2017-09-07,"Walking New York City with Model Sarah Brannon | Vogue","rg4sDkKTiC8","72786","1290","60","52","Vogue"
2017-09-09,"How to Hang With Bella Hadid and the House of Wang | Vogue","_0Q-5yol0A8","162475","4606","168","151","Vogue"
2017-09-11,"How the House of Shayne Gets Down | Vogue","S4Txn5bvd7U","16446","477","19","23","Vogue"
2017-09-12,"Supermodel Amber Valletta Takes You on a 360° Tour of Her Closet | Supermodel Closets | Vogue","oa-lh4QMSeI","374967","1794","209","129","Vogue"
2017-09-15,"Anna Wintour Reflects on New York’s Spring 2018 Collections | Vogue","MNcfl62RET4","159074","4187","53","160","Vogue"
2017-09-19,"Adriana Lima Gets Ready for a Night Out | Beauty Secrets | Vogue","lokFoo_QD8c","2631406","41293","1057","1844","Vogue"
2017-09-20,"Inside Kaia Gerber’s Whirlwind First Fashion Week | Vogue","YA8A2rsTuBY","995529","22877","722","1123","Vogue"
2017-09-21,"73 Questions With Tracee Ellis Ross | Vogue","RlduVwzqK2o","838202","28696","342","1780","Vogue"
2017-09-25,"Model Paloma Elsesser’s Guide to Glowing Skin | Vogue","lK23-zm-qQQ","782895","20679","142","437","Vogue"
2017-09-26,"Lily Aldridge Takes You on a 360° Tour of Her Closet | Supermodel Closets | Vogue","IqhRs4JUWJs","370066","2727","274","148","Vogue"
2017-09-27,"73 Questions With Zac Efron | Vogue","Y2GVVC_cD_E","10399937","257450","4396","14407","Vogue"
2017-09-29,"Workin’ 9 to 5: Inside the Vogue Office! ft. Kate Upton, Elsa Hosk, Joan Smalls & More | Vogue","GhKmxtGTcCw","339656","12248","115","333","Vogue"
2017-10-04,"Cindy Crawford Takes You on a 360° Tour of Her Closet | Supermodel Closets | Vogue","PUzXPm2CEBU","422948","3355","241","204","Vogue"
2017-10-05,"Kaia Gerber’s Secret to a Killer Model Walk | Vogue","0yn2qCP677Y","573028","11598","385","631","Vogue"
2017-10-11,"73 Questions With Daisy Ridley | Vogue","doUdRCrK80E","4892416","108396","3474","12814","Vogue"
2017-10-17,"Cassie’s Smoky Eye Trick | Beauty Secrets | Vogue","xOymnOn_Lf0","1749286","45572","630","1296","Vogue"
2017-10-26,"73 Questions With Chrissy Teigen | Vogue","GzBsHWryO5k","4038963","71100","3846","4413","Vogue"
2017-10-30,"Issa Rae Hates Clubs, Loves Staying In | Sad Hot Girls | Vogue","qJabm5GuLgM","233823","13403","69","597","Vogue"
2017-10-31,"How Supermodel Natalia Vodianova Combats Jet-Lagged Skin | Beauty Secrets | Vogue","-_PFfy36nFU","1077070","15167","585","741","Vogue"
2017-11-01,"The Victoria’s Secret Fantasy Bra Gets a Dose of Reality | Vogue","XRL-2noYCfo","680674","10495","434","533","Vogue"
2017-11-08,"Cazzie David’s Guide to Getting Over a Breakup | Sad Hot Girls | Vogue","BBXXRjpw6LE","237981","5932","117","210","Vogue"
2017-11-09,"Meryl Streep Meets Anna Wintour at Vogue","dW4wpGg64pE","2648617","47030","1501","2767","Vogue"
2017-11-13,"Victoria’s Secret Angel Jasmine Tookes Reveals Her Punky Balmain Wings | Vogue","AsMxoUh4Q_0","255236","4766","51","156","Vogue"
2017-11-14,"Model Fei Fei Sun Perform Skin-Care Magic | Beauty Secrets | Vogue","symdi5KSJts","1255018","24429","597","815","Vogue"
2017-11-15,"Inside Carmen Electra's Closet: Her Best (and Worst) Looks | Vogue","SMjDmA0bVKc","89823","1441","68","90","Vogue"
2017-11-16,"73 Questions With Liza Koshy | Vogue","nRafaCcfrcI","12743326","656134","7400","29295","Vogue"
2017-11-21,"Victoria’s Secret Model Sara Sampaio’s Easy Bombshell Makeup Look | Beauty Secrets | Vogue","EbuCLC_wVlM","1427613","31474","344","689","Vogue"
2017-11-22,"Lola Kirke's Failed Train Romance | Sad Hot Girls | Vogue","nQBdHREKDqE","169423","2217","174","131","Vogue"
2017-11-27,"How the Victoria’s Secret Angels Get Runway Ready | Vogue","G9f0eHBm1cM","220412","4865","61","155","Vogue"
2017-11-28,"73 Questions With Michael B. Jordan | Vogue","BOQ-wZQhZZo","5135285","162809","1210","6751","Vogue"
2017-11-29,"Adriana Lima’s Victoria’s Secret Sleepover | Vogue","ggpoZyF2lU0","1334115","28010","648","720","Vogue"
2017-12-05,"Victoria’s Secret Angel Jasmine Tookes Teaches a Master Class in Glowing Skin | Vogue","MOiZg2378YI","1425976","32963","329","705","Vogue"
2017-12-06,"Karley Sciortino Found Unidentified Panties in Her Boyfriend’s Bed | Sad Hot Girls | Vogue","P1B_eP_64kw","101091","1167","215","96","Vogue"
2017-12-14,"73 Questions With Sean “Diddy” Combs | Vogue","iiWm8AxvWtw","983112","21386","499","1317","Vogue"
2017-12-18,"Jordyn Woods Gets Ready for Her First Vogue Shoot | Vogue","t7jz1mdyzCI","223994","7669","720","491","Vogue"
2017-12-19,"Chaka Khan’s Diva Makeup Ritual | Beauty Secrets | Vogue","8rQT3PWQoNI","168732","6305","127","556","Vogue"
2017-12-20,"Taylor Hill Takes You on a 360° Tour of Her Closet | Supermodel Closets | Vogue","3mGHnyUIZQ8","940281","12408","522","325","Vogue"
2017-12-21,"73 Questions With Gina Rodriguez | Vogue","7dbRDavsp6I","1691794","60332","531","2223","Vogue"
2017-12-22,"Actress Ari Graynor Found Love in the Most Unexpected Place | Sad Hot Girls | Vogue","trrUc_SOhcg","47566","1544","53","53","Vogue"
2017-12-27,"45 Beauty Secrets in 5 Minutes—Here’s Everything We Learned in 2017 | Vogue","_yThFcog0nA","2793606","61313","1969","1260","Vogue"
2018-01-07,"The Florida Project’s Bria Vinaite Explains the Art of Ghosting | Sad Hot Girls | Vogue","eTSSApFkmzA","160105","3194","1305","341","Vogue"
2018-01-09,"Kendall Jenner Gets Ready for the 2018 Golden Globes | Vogue","hBAuahAXF1U","846529","14113","1114","799","Vogue"
2018-01-10,"Actress Jessica Rothe's Guide to Clear Skin | Beauty Secrets | Vogue","3WiZQ-Ohb58","538764","10475","144","269","Vogue"
2018-01-10,"Serena Williams Tears Up an Airport Runway | Vogue","WUxZCvYkwss","423288","8438","300","377","Vogue"
2018-01-16,"Jordyn Woods’s 3-Step Guide to Contouring | Beauty Secrets | Vogue","uBsBOTGBwBg","2502654","68551","2292","1902","Vogue"
2018-01-25,"24 Hours With BTS in L.A. | Vogue","HvPbH30KWLE","2336295","283177","1263","13461","Vogue"
2018-01-29,"Migos Get Ready for the Grammys | Vogue","dMMBB89BxMw","1179121","21838","517","1011","Vogue"
2018-01-31,"73 Questions With Donatella Versace | Vogue","IkV5VpEROW0","3321828","75831","1644","4110","Vogue"
2018-02-06,"Tinashe Teaches a Master Class in the Daytime Smoky Eye | Beauty Secrets | Vogue","9eEwbgRFxZk","641753","18176","355","611","Vogue"
2018-02-08,"Alicia Vikander Has All the Answers...Or Does She? | Magic Diner Part II | Vogue","oeJXqHgnMUk","332650","4913","241","156","Vogue"
2018-02-11,"Inside Alexander Wang's Fall 2018 Show | Vogue","Euw0MHS_f6Y","143586","4861","58","132","Vogue"
2018-02-12,"Victoria Beckham Takes You Behind the Scenes of Her Fall 2018 Show | Vogue","9_2vkVA8p-8","136438","2516","45","66","Vogue"
2018-02-13,"Gigi & Bella Hadid Walk In Anna Sui's Fall 2018 Show | Vogue","kkgjLUdng7Y","86919","2424","71","104","Vogue"
2018-02-16,"Anna Wintour Breaks Down the Best Moments of New York Fashion Week | Vogue","dVNZYskqdEc","141229","4607","90","180","Vogue"
2018-02-17,"Jessica Jung Gets Ready for Her Fashion Week Adventure | Vogue","uTZsEadknO0","564240","14253","347","546","Vogue"
2018-02-21,"Anna Wintour on 5 Highlight Shows From London Fashion Week | Vogue","N-GDkzZHXmQ","60477","2002","22","54","Vogue"
2018-02-27,"R&B Singer Maxine Ashley Has the Secret to a Perfect Cat Eye | Beauty Secrets | Vogue","BYV34Abg35c","468236","15158","236","323","Vogue"
2018-02-27,"Anna Wintour On the Best Moments of Milan Fashion Week | Vogue","1lHCRQPxTpY","65502","1962","32","86","Vogue"
2018-02-28,"73 Questions With Lilly Singh | Vogue","B1r4Z3nXPVA","2875520","149854","2765","6403","Vogue"
2018-03-01,"Cardi B, Paris Jackson, Ashley Graham, and More in the Best Looks of New York Fashion Week Fall 2018","-PmiQyKhZtc","319049","13141","219","424","Vogue"
2018-03-03,"Olivier Rousteing Imagines Balmain in 2050 | Vogue","X0O6pNqCwSw","39795","1484","30","65","Vogue"
2018-03-07,"Sudanese Models Share Their Stories | Vogue","ZgJeXyUPwLI","216633","10483","71","660","Vogue"
2018-03-08,"Demi Lovato, Unfiltered: A Pop Star Removes Her Makeup | Vogue","VVxQ9HC2aeY","4141985","158594","2334","7699","Vogue"
2018-03-09,"The Hair Queens of Chicago | American Women | Vogue","-aXSjp5eXKs","119454","7980","51","418","Vogue"
2018-03-12,"Anna Wintour Shares Her Favorite Moments From Paris Fashion Week | Vogue","z7NJcsSt1Uk","94806","2463","57","136","Vogue"
2018-03-13,"Rosie Huntington-Whiteley's Guide to Perfect Baby Skin | Beauty Secrets | Vogue","XSg9Xc3ie_A","1550584","35227","507","950","Vogue"
2018-03-14,"Kendall Jenner Asks Herself Some Existential Questions | Vogue","49wGna0UTB8","1274700","35471","6405","2602","Vogue"
2018-03-23,"The 28 Best Looks From the Paris Collections | Vogue","Wv8w4qGn9lY","50512","2904","32","98","Vogue"
2018-03-26,"RHOBH's Erika Jayne Works 24 Hours at Vogue","4IG0freUoog","333041","7528","352","457","Vogue"
2018-03-28,"French Supermodel Cindy Bruna's Guide to the Parisian Smoky Eye | Beauty Secrets | Vogue","s7Cn0XHvBx0","480066","19271","142","469","Vogue"
2018-03-29,"73 Questions With CL | Vogue","5hpuoMilm_4","2435865","187336","2423","12860","Vogue"
2018-03-30,"Kaley Cuoco’s Mystery Ex-Boyfriend Was a Bad Tipper | Sad Hot Girls | Vogue","dDuJnlWjymw","480217","8441","842","797","Vogue"
2018-04-11,"Inside the Life of Bella Thorne | Vogue","RzUpJd9DZbM","3934080","158811","8111","8335","Vogue"
2018-04-12,"Model Adut Akech's 5-Minute Bedtime Routine for Glowing Skin | Beauty Secrets | Vogue","VICWIhLUbU4","425493","15366","167","779","Vogue"
2018-04-18,"24 Hours With Camila Cabello: Inside Her First Headlining Tour | Vogue","M84oouivF7k","1057072","39024","644","1497","Vogue"
2018-04-19,"Miranda Kerr Rewrites the Maternity Fashion Rules | Vogue","dPjTLtVyjJc","290129","4347","261","202","Vogue"
2018-04-20,"Haim Gets Ready for Coachella | Vogue","FhhlMSpvCQE","233341","5172","177","164","Vogue"
2018-04-24,"Hailey Baldwin’s 5-Step Guide to Faking a California Glow | Beauty Secrets | Vogue","t5uVXqNLMDc","3458398","94030","3180","2460","Vogue"
2018-04-26,"73 Questions With Rosie Huntington-Whiteley | Vogue","6sSQZw6G2yA","1333055","32024","403","1457","Vogue"
2018-04-30,"Lilly Singh's Social Media Dating Life | Sad Hot Girls | Vogue","D-jStOgXrK8","363284","18750","278","805","Vogue"
2018-05-03,"Rihanna's Epic 10-Minute Guide to Going Out Makeup | Beauty Secrets | Vogue","KONe4SNFA64","13564999","747921","7836","31101","Vogue"
2018-05-08,"Blake Lively Had a Party Bus Dance-Off on the Way to the Met Gala | Vogue","B-SKZNupk-8","1137770","32583","177","791","Vogue"
2018-05-08,"Cardi B on Her Kicking Baby and Pearl-Covered Dress | Met Gala 2018 With Liza Koshy | Vogue","DB7jILEzjAM","2403725","63726","792","1889","Vogue"
2018-05-08,"Nick Jonas Gets Met Gala Ready: Push-ups, Pizza, and Dreams of Rihanna | Vogue","Zztw2nc_ERw","577629","18064","178","686","Vogue"
2018-05-08,"Tiffany Haddish and Karlie Kloss on Dancing With Michael B. Jordan | Met Gala 2018 With Liza Koshy","eX_ChUOi6Dc","571217","15035","92","329","Vogue"
2018-05-08,"Cole Sprouse on Interning at the Met and His Artistic Aspirations | Met Gala 2018 With Liza Koshy","GuKSrYux-Is","1398592","49109","162","1116","Vogue"
2018-05-08,"Brooke Shields Takes Us Inside Her Manhattan Townhouse on Met Gala Day | Vogue","2QfPtqWwT20","405099","4317","145","284","Vogue"
2018-05-08,"Inside Katy Perry’s Over the Top Met Gala | Vogue","aeLselsHtiA","869688","13370","651","853","Vogue"
2018-05-08,"Selena Gomez on Her Faith and Her Queen Esther Inspired Dress | Met Gala 2018 With Liza Koshy","8H5OP5xX1qk","3358999","70454","1729","2919","Vogue"
2018-05-08,"Troye Sivan on Unironically Loving Vegemite | Met Gala 2018 With Liza Koshy | Vogue","JKXlkPyQ2HM","790199","23306","175","640","Vogue"
2018-05-08,"Kylie Jenner and Travis Scott on Their Parents' Night Out | Met Gala 2018 With Liza Koshy | Vogue","tDxhPwtvkyw","3687892","60460","1851","3676","Vogue"
2018-05-08,"Michael B. Jordan on His High Expectations for the Met Gala | Met Gala 2018 With Liza Koshy | Vogue","e2A7qA-2JrM","823527","24864","73","1355","Vogue"
2018-05-08,"Idris Elba on His Self-Designed Suit | Met Gala 2018 With Liza Koshy | Vogue","pe5aYGPtsP4","259847","5256","48","203","Vogue"
2018-05-08,"Miley Cyrus, Paris Jackson & Stella McCartney on Sustainable Fashion | Met Gala 2018 With Liza Koshy","I2c1qBsA4WU","3741338","38388","1962","1500","Vogue"
2018-05-08,"Shawn Mendes and Hailey Baldwin on Who Looks Better at the Met Gala | Met Gala 2018 With Liza Koshy","Zl5CpGbvaIo","2162605","60605","871","1743","Vogue"
2018-05-08,"Rihanna on Her Divine Dress and Co-Hosting With Anna Wintour | Met Gala 2018 With Liza Koshy","UE-kaxIiNPQ","2653523","70749","1522","2762","Vogue"
2018-05-08,"Kendall Jenner Gets Ready for the 2018 Met Gala | Vogue","gZOTWh145Dw","2453371","39576","3405","1409","Vogue"
2018-05-08,"Jaden Smith on His Cozy Look for the Met Gala | Met Gala 2018 With Liza Koshy | Vogue","LDWCA7u2Gj0","1087489","28169","275","707","Vogue"
2018-05-08,"Solange on Her Braided Halo & Performing With Beyoncé at Coachella | Met Gala 2018 With Liza Koshy","mr0Txm8AIQ4","470047","10449","98","319","Vogue"
2018-05-08,"Lili Reinhart on What She Expects From Her First Met Gala | Met Gala 2018 With Liza Koshy | Vogue","cR6N3g2qJJQ","1006738","26392","149","494","Vogue"
2018-05-08,"Priyanka Chopra on Her Intricate Beaded Headpiece | Met Gala 2018 With Liza Koshy | Vogue","ROMm_MiNuSQ","1913780","29832","1427","1323","Vogue"
2018-05-08,"Bella Hadid on Her 10-Pound Sewn-In Veil | Met Gala 2018 With Liza Koshy | Vogue","H3fm7Hg9yXM","1477330","24423","349","567","Vogue"
2018-05-08,"Diddy and Cassie on Their Angelic Met Gala Outfits | Met Gala 2018 With Liza Koshy | Vogue","LyTAfJ9XFTg","293725","5075","47","134","Vogue"
2018-05-08,"Ariana Grande on Her Sistine Chapel Ceiling Dress | Met Gala With Liza Koshy | Vogue","nrD0hi_e5vI","2702256","68122","709","2425","Vogue"
2018-05-08,"Emilia Clarke on the Final Season of Game of Thrones | Met Gala 2018 With Liza Koshy | Vogue","5F-YNj2U-C0","1064751","23824","239","641","Vogue"
2018-05-08,"James Corden on Ocean's 8 and the Met Gala | Met Gala 2018 With Liza Koshy | Vogue","G10whpr6prY","766866","14347","422","479","Vogue"
2018-05-08,"Rita Ora on Almost Knocking Off Her Headpiece Before the Met Gala | Met Gala 2018 With Liza Koshy","BnoLPlOJXjM","846697","14809","120","243","Vogue"
2018-05-08,"Nicki Minaj on Tempting Men at the Met Gala | Met Gala 2018 With Liza Koshy | Vogue","6pKT6gaj6K4","1901225","42025","542","785","Vogue"
2018-05-08,"Ashley Graham on How to Survive Your First Met Gala | Met Gala 2018 With Liza Koshy | Vogue","SPX0_xgySn0","422980","10367","70","183","Vogue"
2018-05-08,"Gigi Hadid on Giving Rihanna a Love Bite | Met Gala 2018 with Liza Koshy | Vogue","NYR4o_nw-wI","2037373","33631","393","618","Vogue"
2018-05-08,"Cynthia Erivo on Her Bejeweled Eyebrows | Met Gala 2018 With Liza Koshy | Vogue","XqpPU_n1Css","146574","4540","19","65","Vogue"
2018-05-08,"Daniel Kaluuya on Looking for Diddy at His First Met Gala | Met Gala 2018 with Liza Koshy","OHryNQCqOas","240899","5740","15","124","Vogue"
2018-05-08,"Lena Waithe on Her Rainbow Flag Cape | Met Gala 2018 With Liza Koshy | Vogue","NmQnKbyMCa4","145381","4459","58","58","Vogue"
2018-05-08,"Donald Glover on the Making of ""This Is America"" | Met Gala 2018 With Liza Koshy | Vogue","OHNCvUw2adg","463784","11035","113","309","Vogue"
2018-05-09,"Met Gala Celebrities' Night at the Museum | Vogue","LywjNA4xajw","2107164","99477","1991","4562","Vogue"
2018-05-09,"Supermodel-BFFs Lily Aldridge and Rosie Huntington-Whiteley Get Ready for the Met Gala | Vogue","C7qXj4i_Vfk","279740","4928","87","158","Vogue"
2018-05-09,"Issa Rae Gets Ready for Her Coming to America-Meets-Catholicism Moment at the Met Gala | Vogue","yKs6Voon6Ls","74779","1672","55","85","Vogue"
2018-05-17,"24 Hours With Cole Sprouse | Vogue","KXLFx2bmzUc","2049049","106145","1224","3349","Vogue"
2018-05-22,"Supermodel Natasha Poly's 3-Step Perfect Cat-Eye | Beauty Secrets | Vogue","hreGatWkrmE","469471","15557","211","484","Vogue"
2018-05-25,"Gillian Jacobs on Getting Kicked Out of a Bar While Sober | Sad Hot Girls | Vogue","Dc6aiskfJgU","172090","4932","90","213","Vogue"
2018-05-29,"73 Questions With Michelle Wolf | Vogue","tHTVqg51e1Y","368398","7087","828","907","Vogue"
2018-06-05,"Inside Alexander Wang’s Spring 2019 Show | Vogue","BgeprtNyAHw","266512","9474","128","278","Vogue"
2018-06-06,"RuPaul’s Drag Race Star Aquaria Gets Ready for Pride Week | Beauty Secrets | Vogue","LSlwVJaZSe4","798041","33793","585","1410","Vogue"
2018-06-08,"Getting Ready With 21 Savage | Vogue","BxCuyeptGMA","656919","30762","302","1702","Vogue"
2018-06-12,"Jorja Smith Gets Ready for Bed | Beauty Secrets | Vogue","DjLr06pne6Q","937481","48577","398","1116","Vogue"
2018-06-13,"24 Hours With Kali Uchis | Vogue","BdI2VBrpnGU","108037","10920","64","456","Vogue"
2018-06-14,"73 Questions With Gisele Bündchen (ft. Tom Brady) | Vogue","SynVdC540nw","1666877","45987","847","2870","Vogue"
2018-06-18,"The Best of 73 Questions | Vogue","LSkArppTAMo","686488","23199","202","862","Vogue"
2018-06-19,"Queer Eye's Jonathan Van Ness Shops for Beauty Products | Vogue","FJAZkC9d43c","166719","5790","65","207","Vogue"
2018-06-20,"Riverdale Star Lili Reinhart's Guide to Fresh-Faced Makeup | Beauty Secrets | Vogue","vgzcRdJHCck","1959422","115628","937","2770","Vogue"
2018-06-21,"24 Hours With Yanis Marshall | Vogue","mDzx33NTg20","541877","23141","483","898","Vogue"
2018-06-22,"Hennessy Carolina and Her Girlfriend Michelle Diaz Shop for Pride | Vogue","wZrL7T3KctE","108086","5345","227","272","Vogue"
2018-06-27,"Kylie Jenner's Guide to Lips, Brows, Confidence | Beauty Secrets | Vogue","vCJ6U7mQmYw","9424173","396587","19108","30305","Vogue"
2018-06-27,"Kylie Minogue Gets Ready For Pride | Vogue","Cp5292MZ3po","96506","3748","120","206","Vogue"
2018-07-02,"Venus Williams’s 7 Best Workout Moves for a Grand Slam Body | Vogue","1K_Fyxxi6CY","54084","2629","16","88","Vogue"
2016-01-04,"Victoria’s Secret Sport Teaser 1 (January 2016)","nnp7D24t5X4","79210","1723","12","17","VS"
2016-01-07,"Victoria’s Secret Sport - ‘Here’s the Deal’","zXsLiT_OafY","122092","2307","21","137","VS"
2016-01-08,"Victoria’s Secret Sport Promo (January 2016)","wehYd9RcKDA","75253","1387","13","17","VS"
2016-01-20,"Victoria’s Secret is Coming, Russia!","eotRz_bgWNg","169497","2415","35","253","VS"
2016-01-20,"2016 Victoria’s Secret Swim Special Teaser 1","dJh8RmEyOJU","182805","3171","33","91","VS"
2016-02-03,"Score More: The Victoria’s Secret Angels Play Football (2016 Extended Cut)","iLxhMp1mmVM","431126","3808","265","282","VS"
2016-02-23,"Victoria’s Secret:  xo, Victoria Online Commercial","0UfnFuJ1-6w","184411","2084","24","87","VS"
2016-03-04,"Victoria’s Secret - 2016 Swim Special Official Trailer","tTMOyL1AlIY","542565","5660","85","211","VS"
2016-03-16,"Victoria’s Secret Body by Victoria TV Commercial (Extended) (Spring 2016)","uJ7338KAl44","446714","5999","71","385","VS"
2016-03-22,"Victoria’s Secret - Very Sexy TV Commercial (Extended)","KC7mZqSMJNg","446008","3711","95","197","VS"
2016-03-22,"Victoria’s Secret - Very Sexy TV Commercial","uDCsU5wUvdQ","1169589","2251","56","151","VS"
2016-03-25,"Victoria’s Secret Sport TV Commercial (March 2016)","nMOjFHU9UfY","208127","3559","46","100","VS"
2016-04-12,"Victoria’s Secret Global Media Live Stream","0u3TsQUtnSY","764305","7966","293","340","VS"
2016-04-13,"Victoria’s Secret – The Bralette TV Commercial","0qJX2U34SH4","1033242","1797","41","94","VS"
2016-04-21,"Victoria’s Secret Fragrance Nominated For Major Award. Vote Now!","oBvIwEQ4oN0","91829","1622","33","71","VS"
2016-05-05,"Victoria’s Secret – Dream Angels Commercial","0fYMLQjK-MI","1080650","2801","33","111","VS"
2016-06-07,"The Victoria’s Secret Semi-Annual Sale TV Commercial (Summer 2016)","96oHrTljFr8","692769","2061","28","106","VS"
2016-07-21,"Victoria’s Secret Angels Talk Sport Bras","KJXHbNpCY7Q","287584","3229","55","155","VS"
2016-07-21,"Introducing Victoria Sport","-1jTNlOPG6Q","156707","3659","32","96","VS"
2016-07-26,"Victoria’s Secret – Body By Victoria “Easy” Collection TV Commercial","QGplpvXZCcA","285784","1677","78","139","VS"
2016-08-04,"Victoria’s Secret – Easy Collection TV Commercial","6ydo9136fi4","338591","1406","31","47","VS"
2016-08-23,"Victoria’s Secret – Bralette Collection TV Commercial","Pb6KQSwju7M","295991","1469","30","42","VS"
2016-08-26,"Victoria’s Secret – Sexy Shortie In Action","i5VuAbwCuSY","395963","1410","71","100","VS"
2016-09-08,"Victoria’s Secret Intense Fragrance Online Commercial","UPJHgtddYC4","141310","2284","21","175","VS"
2016-09-12,"Victoria’s Secret Opening in Amman","fEJZGOP-7LY","93466","1406","52","126","VS"
2016-09-13,"Victoria’s Secret – Dream Angels TV Commercial","a7BvphORs98","1234449","1802","96","83","VS"
2016-09-26,"Victoria’s Secret – Sexy Little Things TV Commercial","4scht4PE9w0","3336143","1735","47","132","VS"
2016-09-27,"Victoria’s Secret – Sexy Little Things Online Commercial","CfUUrZGSZs4","354825","3478","82","248","VS"
2016-10-14,"Victoria’s Secret Scandalous & New Scandalous Dare","nJIws_UV_Cc","103673","1832","32","97","VS"
2016-10-24,"The 2016 Victoria’s Secret Fashion Show Is Going To Paris!","dRwv9ldz_CM","429126","5640","63","419","VS"
2016-10-25,"The Making Of The 2016 Victoria’s Secret Fashion Show: Part 1","pmCNHBbrwTo","800462","11382","88","745","VS"
2016-10-26,"Victoria’s Secret Angel Jasmine Tookes Will Wear The 2016 Fantasy Bra","ZdShtNRNJLs","310044","5922","198","689","VS"
2016-10-26,"Bella Hadid Joins the 2016 Victoria’s Secret Fashion Show","kMSSlsnqoCE","693217","7230","1189","928","VS"
2016-10-27,"Behind The Bling: The 2016 Victoria’s Secret Fantasy Bra","t6fBq1Vmc4s","811328","8624","217","588","VS"
2016-10-27,"Victoria’s Secret Beautiful Commercial","qIJQtnP9AIk","2584423","2176","37","134","VS"
2016-10-30,"Victoria’s Secret Holiday 2016: A Very Private Affair","nQ2-71dQLuw","1105306","10281","655","636","VS"
2016-11-01,"The Making Of The 2016 Victoria’s Secret Fashion Show: Part 2","HOP0y9cOKOE","681984","7470","99","678","VS"
2016-11-02,"The 2016 Victoria’s Secret Fashion Show: Jasmine Tookes’ Road to the Runway","zckHzvpxGpA","253798","3751","66","169","VS"
2016-11-05,"The 2016 Victoria’s Secret Fashion Show: Josephine Skriver’s Road to the Runway","hntY0JAlczE","281974","4775","55","188","VS"
2016-11-08,"The Making Of The 2016 Victoria’s Secret Fashion Show: Part 4","M27Jj0BQVMs","498792","5543","38","202","VS"
2016-11-08,"The Making Of The 2016 Victoria’s Secret Fashion Show: Part 3","Xl4s8shykng","342476","3769","26","88","VS"
2016-11-08,"The 2016 Victoria’s Secret Fashion Show: Elsa Hosk’s Road to the Runway","t5LLyA9c3vw","170960","3097","20","89","VS"
2016-11-09,"Victoria’s Secret Opening in Singapore","qzKAwp0c-Bg","190621","2296","17","117","VS"
2016-11-12,"The 2016 Victoria’s Secret Fashion Show: Lily Aldridge’s Road to the Runway","Ng37yAJscII","141667","2648","31","49","VS"
2016-11-15,"The Making Of The 2016 Victoria’s Secret Fashion Show: Part 5","o8bVjXeC2Lw","632868","5617","73","505","VS"
2016-11-19,"The 2016 Victoria’s Secret Fashion Show: Sara Sampaio’s Road to the Runway","WbYvBRRMjbM","208598","4479","43","173","VS"
2016-11-20,"The 2016 Victoria’s Secret Fashion Show: Adriana Lima’s Road to the Runway","VliZyDraYeI","366275","7245","34","330","VS"
2016-11-22,"The Making Of The 2016 Victoria’s Secret Fashion Show: Part 6","QT5Ss-Km9s4","594640","5745","47","331","VS"
2016-11-23,"The 2016 Victoria’s Secret Fashion Show: Taylor Hill’s Road to the Runway","gWJNMlltS34","517468","5142","106","133","VS"
2016-12-01,"Victoria’s Secret Holiday Commercial: A Night At The Opera","L4fXil1ZjjA","2108208","10456","307","645","VS"
2016-12-01,"Victoria’s Secret Holiday 2016 Commercial (:30)","vE9Mk9u8wcs","151324","2849","32","86","VS"
2016-12-02,"The Making Of The 2016 Victoria’s Secret Fashion Show: Part 7","CDJRv4Tv4EI","1663150","13130","266","443","VS"
2016-12-05,"Backstage Hair & Makeup at the 2016 Victoria’s Secret Fashion Show","zaDIf-axUvM","232484","3499","34","82","VS"
2016-12-05,"The Making Of The 2016 Victoria’s Secret Fashion Show: Part 8","HBev-uuYqWA","579632","5923","55","235","VS"
2016-12-06,"Victoria’s Secret Live 2016","86mF928ZgFs","2483014","15525","547","742","VS"
2016-12-06,"Own The Look: Alessandra in the 2016 Victoria’s Secret Fashion Show","h-qbxxfMjhQ","88574","1579","5","43","VS"
2016-12-06,"Own The Look: Lily in the 2016 Victoria’s Secret Fashion Show","j-_oupXZcp8","70407","1063","13","29","VS"
2016-12-06,"Own The Look: Elsa in the 2016 Victoria’s Secret Fashion Show","7akZZtGGYVE","97436","1397","19","42","VS"
2016-12-06,"Own The Look: Romee in the 2016 Victoria’s Secret Fashion Show","li_GBBKJgbs","181523","1380","15","49","VS"
2016-12-06,"Own The Look: Martha in the 2016 Victoria’s Secret Fashion Show","w3v0z2Czkgc","61156","1146","12","28","VS"
2016-12-07,"Victoria’s Secret Paris Fragrance Commercial (:30)","l6Giuh8crZM","135157","1860","104","71","VS"
2016-12-12,"The 2016 Victoria’s Secret Fashion Show: The Angels on Social Media","gNG7YjhYPgY","196319","4372","55","96","VS"
2016-12-12,"The 2016 Victoria’s Secret Fashion Show: What is Love?","Plu4FdReOes","72046","1760","14","55","VS"
2016-12-12,"The 2016 Victoria’s Secret Fashion Show: Taylor is Ready for the Runway","IDR8FJhDyQs","127332","2972","29","94","VS"
2016-12-13,"Santa Baby: Victoria’s Secret Holiday 2016","b5A36JAUdb0","958186","9547","191","565","VS"
2016-12-15,"Victoria's Secret Live 2016: Verite","vDWP8fZRMAQ","58813","763","38","44","VS"
2016-12-21,"Victoria’s Secret Live 2016: Quiz Show","fo4opsaqITU","260246","2696","61","101","VS"
2016-12-21,"Victoria’s Secret Live 2016: Angel Elsa Hosk","MUJsjgwq1A0","176659","1836","28","156","VS"
2016-12-21,"Victoria’s Secret Live 2016: Work Out With JoJa","RDrNDKi4GjE","238452","3752","39","84","VS"
2016-12-21,"Victoria’s Secret Live 2016: Our Newest Models","It3FsauFcBg","98672","1107","42","120","VS"
2017-02-20,"Victoria’s Secret Opening in China","QkIpvV_Jsts","87707","2746","60","219","VS"
2017-02-28,"Victoria’s Secret Dream Angels Commercial","oey3HZG2evw","2832869","3118","79","137","VS"
2017-03-21,"Victoria’s Secret’s Very Sexy Now Commercial","2_VY-j88eQA","231347","2220","64","93","VS"
2017-03-21,"Victoria’s Secret Strapless TV Commercial","nDQdrbZZr4c","122033","1822","20","59","VS"
2017-04-07,"Victoria’s Secret Angels Land in China","AUSeEz_yhLE","143980","3377","31","169","VS"
2017-04-11,"Victoria’s Secret Bralettes TV Commercial","QGR-Xs-rqU8","96593","2181","45","96","VS"
2017-04-18,"Victoria’s Secret – Bralette Commercial (Extended)","rROF_O4Gypo","238145","5277","69","265","VS"
2017-04-26,"Victoria’s Secret Angel Adriana Lima in Singapore","lj4fty7-HWY","89455","2483","25","90","VS"
2017-05-02,"Victoria’s Secret Very Sexy Commercial","cTmyeL6m0Kg","3141619","2524","79","171","VS"
2017-05-22,"Victoria’s Secret Summer ‘17 Commercial","JRqTLMU03kE","213137","3456","78","233","VS"
2017-06-02,"Victoria’s Secret Angels Talk Summer","murUcJKEN3k","93661","2232","46","72","VS"
2017-06-08,"How Angels Get Festival-Ready","mdY-fLSfq3w","71084","1807","50","39","VS"
2017-06-09,"Victoria’s Secret Angels Lip Sync “2U” by David Guetta & Justin Bieber","N5ohLjqd6AM","1447115","25402","497","1063","VS"
2017-06-20,"Sara’s Night In","CoQphrG0wWU","151582","2617","28","104","VS"
2017-06-20,"Choose Sara’s Night","l8pjwwLdp20","163333","2468","50","158","VS"
2017-07-18,"Victoria’s Secret’s T-Shirt Bra Commercial","_1bpwRq1cs8","777178","2287","76","111","VS"
2017-07-31,"The Best Friend Game With Angel Sara Sampaio & Sadie Newman","oUyuga8ZhVY","80524","2259","28","111","VS"
2017-07-31,"The Best Friend Game With Angel Elsa Hosk & Madison Utendahl","npJgLWNrHYk","87804","2280","37","69","VS"
2017-08-01,"Victoria’s Secret: The New Sexy Commercial","Wwtl0w9mh5s","2701861","2202","73","202","VS"
2017-08-07,"The New Sexy: Everything","lM0GV5r8siY","254877","1388","55","44","VS"
2017-08-07,"The New Sexy: Something","hd5o1DYTy6Y","69455","1341","34","64","VS"
2017-08-16,"Victoria’s Secret Opening in Poland","g4E6I6nia3M","373353","2873","37","232","VS"
2017-08-22,"Coming Soon: The Making of the 2017 Victoria’s Secret Fashion Show","28DcYHLrb0k","378344","7703","77","708","VS"
2017-08-22,"Victoria’s Secret: Sexy Illusions Commercial","Kjq4zfl9iNo","4690815","2524","73","86","VS"
2017-08-29,"Victoria’s Secret: Sexy Illusions Push-Up Plunge","hsU4ZhYxOzk","88662","1134","23","47","VS"
2017-08-29,"Victoria’s Secret: Sexy Illusions Lightly Lined Wireless","Gp7xLNSmWl4","53114","1003","25","46","VS"
2017-08-29,"Victoria’s Secret: Sexy Illusions Lightly Lined Demi","0roAz2QbGRs","39645","807","13","23","VS"
2017-09-05,"The Stories Behind Victoria’s Secret LOVE","allZ7zznEuw","830589","1589","9","60","VS"
2017-09-05,"Victoria’s Secret’s New LOVE Fragrance","4BZV-zo054g","545547","1003","11","30","VS"
2017-09-05,"Victoria’s Secret Angels on LOVE","4zVCoQlibv8","1150746","1222","12","53","VS"
2017-09-06,"Real Talk: Alessandra Ambrosio on LOVE","fQR7WjSiMmE","72576","1847","31","62","VS"
2017-09-07,"Real Talk: Stella Maxwell on LOVE","J9x7NNXDjIw","100447","1630","52","74","VS"
2017-09-08,"Real Talk: Elsa Hosk on LOVE","sGsgb9UlprQ","100359","1809","46","80","VS"
2017-09-09,"Real Talk: Candice Swanepoel on LOVE","9syjYm3_GMo","224295","5315","44","690","VS"
2017-09-12,"Real Talk: Lily Aldridge on LOVE","Rt7CfthtNm4","77265","1676","27","67","VS"
2017-09-26,"The Victoria Sport Angel Max Sport Bra Commercial","QMx6uNTXG9U","2979813","1863","60","121","VS"
2017-10-03,"Train Like An Angel: 3 Moves For a Better Butt with 305 Fitness","yoJ1n6MBHuI","70440","2008","21","79","VS"
2017-10-03,"Train Like An Angel: 3 Dance Moves With 305 Fitness","fz5yt6JKv2E","36045","906","12","48","VS"
2017-10-05,"#VSxBALMAIN Teaser #1","aoLaY-aqO9A","98229","2290","30","79","VS"
2017-10-09,"Train Like An Angel: Focus On Form With Dogpound","QF7jTlbj9cc","41393","1121","11","40","VS"
2017-10-09,"Train Like An Angel: All About The Stretch With Dogpound","1iaEIABKFKM","31747","1022","13","36","VS"
2017-10-10,"Victoria’s Secret Obsessed Commercial","f-iVLxfwWM4","144355","2165","24","122","VS"
2017-10-16,"Road to the Runway: Episode 1 – Castings","anhEcKWRzyE","2165818","37661","569","1673","VS"
2017-10-17,"Train Like An Angel: Healthy Mind & Body With Tracy Anderson","yNlw4CJKv2M","33401","882","17","20","VS"
2017-10-17,"Train Like An Angel: Making Time For Fitness With Tracy Anderson","WtpUE1yt5lA","50198","1105","33","40","VS"
2017-10-19,"Voices of the Angels: Olivier Rousteing Interviews Josephine","3J9D25o15UI","59608","1255","23","35","VS"
2017-10-19,"Voices of the Angels: Olivier Rousteing Interviews Adriana","YB6pxX1ykC0","70418","1553","18","47","VS"
2017-10-19,"Voices of the Angels: Olivier Rousteing Interviews Ale","_GWITWAH6YM","48651","1089","11","26","VS"
2017-10-23,"Train Like An Angel: How To Improve Your Flexibility With Ballet Beautiful","tjdggptvdbw","69822","1801","20","65","VS"
2017-10-23,"Road to the Runway: Episode 2 – Destination Shanghai","lFEgyLaz6o4","899000","12285","112","372","VS"
2017-10-23,"Train Like An Angel: De-stress With Classical Music And Ballet Beautiful","wze7JI65RC4","33926","722","14","21","VS"
2017-10-23,"Voices of the Angels: Olivier Rousteing Interviews Sara","TNQaAtChA1o","49467","1162","17","24","VS"
2017-10-26,"#VSxBALMAIN Teaser #2","UvZ_qgHxuOM","87455","2018","36","92","VS"
2017-10-27,"The Angels + Balmain’s Olivier Rousteing","BQcOqpuuFUs","255173","5252","38","228","VS"
2017-10-30,"Road To The Runway: Episode 3 – Meet The Artisans","saX5rWnTr6c","719776","10391","89","356","VS"
2017-10-30,"Train Like An Angel: Restore 101 With Beth Cooke","EQSuXmab4NU","52967","1236","29","31","VS"
2017-10-30,"Train Like An Angel: 3 Moves To Start Your Day With Beth Cooke","yzo1Ro1TW8M","38316","1109","14","25","VS"
2017-11-01,"The Fantasy Bra: Lais Gets The Big News!","kcBCOPa3ttQ","389980","10180","71","615","VS"
2017-11-02,"Behind The Scenes: 2017 Victoria’s Secret Fantasy Bra","lzsHrxgBRzQ","754545","14451","114","643","VS"
2017-11-02,"Angel Intel: What it Means to Wear the Fantasy Bra","Wm2xZmdtbkY","254792","6452","49","207","VS"
2017-11-06,"Road to the Runway: Episode 4 - Creating The Collection","4T6LZsWq3_E","802487","11172","118","315","VS"
2017-11-06,"Train Like An Angel Master Class","t5hrkmaoKx4","206176","5923","54","170","VS"
2017-11-08,"VSxBALMAIN Teaser #3","aWUJu00sqbo","117650","3093","33","106","VS"
2017-11-13,"Road to the Runway: Episode 5 —VS x BALMAIN","dGNuCUuoD7s","600666","9509","80","302","VS"
2017-11-16,"Victoria’s Secret Opening in Dublin","FMTo9XnhgLY","202917","2835","21","155","VS"
2017-11-16,"VSxBALMAIN Teaser #5","fe7_8dmYYG0","146197","3795","31","98","VS"
2017-11-19,"VS x BALMAIN :60 Launch Video","cp06pKfJ9X0","170471","4623","49","164","VS"
2017-11-20,"Road to the Runway: Episode 6 - Fittings","MGzNEPtwM6w","543307","9146","66","298","VS"
2017-11-27,"Road To The Runway: Episode 7 – The Countdown","pVQhDRkrXkA","396530","6926","52","178","VS"
2017-11-28,"Road To The Runway: Episode 8 – It’s Showtime!","mKYxly3rHP8","572621","9964","71","386","VS"
2017-11-29,"Victoria’s Secret Holiday 2017 Commercial","WhH6xGse_fo","573175","9538","353","598","VS"
2017-12-04,"Alessandra Ambrosio’s Wax Sculpture","92HCNclQOYo","444877","9633","258","452","VS"
2017-12-05,"Victoria’s Secret’s Party Nights Mist Collection","cOHUxzqoJ8A","133453","1637","41","34","VS"
2017-12-13,"Victoria’s Secret Angels Get In the Spirit","Gtfw1WGuVCY","142784","7304","57","339","VS"
2018-01-10,"Victoria’s Secret T-Shirt Bra Commercial","6gQOi6LeiQo","115762","1845","47","69","VS"
2018-02-21,"Victoria’s Secret Sexy Illusions Commercial","3VeG3_YUOIk","160684","2097","40","130","VS"
2018-03-27,"Victoria’s Secret Dream Angels Commercial","VYzXXmpxz04","4046010","3945","116","205","VS"
2018-05-07,"Victoria’s Secret T-Shirt Bra Commercial","_y6LXOE-e4c","72121","1539","43","89","VS"
2018-05-15,"Victoria's Secret Stretch Cotton Collection Commercial","KkS_ZR1NR-o","5348750","2043","78","92","VS"
