"","id","viewCount","likeCount","dislikeCount","favoriteCount","commentCount","title"
"1","HLo_3GfHjps",2259491,16317,277,"0",1826,"Miranda Kerr and Bruno Mars Backstage at the 2012 Victoria's Secret Fashion Show"
"2","76gf3YeGf1s",884766,5463,72,"0",299,"Before I Was a Supermodel: Behati Prinsloo"
"3","wMYYQkwLDqM",2490140,17827,299,"0",1305,"Candice Swanepoel Meets the Royal Fantasy Bra"
"4","DkcctlhyWEs",953821,9353,202,"0",402,"Romee Strijd on Becoming a Victoria’s Secret Angel"
"5","anhEcKWRzyE",2165304,37656,569,"0",1673,"Road to the Runway: Episode 1 – Castings"
"6","LwelJNogl-M",883017,7711,88,"0",200,"Victoria’s Secret Angel Outtakes 2014"
"7","xGpkmik7WYg",1631536,11338,164,"0",9,"Before I Was a Supermodel: Adriana Lima"
"8","kcBCOPa3ttQ",389963,10179,71,"0",615,"The Fantasy Bra: Lais Gets The Big News!"
"9","mx7YCy9b7Kk",934780,12232,181,"0",561,"Sara Sampaio on Becoming a Victoria’s Secret Angel"
"10","5YuqeaVSQfo",1323500,10966,121,"0",623,"The Dream Angels Fantasy Bras Revealed!"
"11","1OesP4u1PUI",1968139,11658,215,"0",654,"Miranda Kerr Meets Her Fantasy Bra"
"12","MGzNEPtwM6w",543211,9146,66,"0",298,"Road to the Runway: Episode 6 - Fittings"
"13","L4fXil1ZjjA",2108173,10456,307,"0",645,"Victoria’s Secret Holiday Commercial: A Night At The Opera"
"14","UhdnndEVJKU",449481,8063,55,"0",205,"Victoria’s Secret Angel Outtakes 2015"
"15","QT5Ss-Km9s4",594625,5745,47,"0",331,"The Making Of The 2016 Victoria’s Secret Fashion Show: Part 6"
"16","qcMJ8tKNx3Y",405356,4325,47,"0",291,"Anatomy of a Dream Angel"
"17","i7Xi5N_7FPs",924473,5198,71,"0",423,"2012 Victoria's Secret Fashion Show Angel Fittings"
"18","Q9OzGC-wgSE",506447,3813,47,"0",72,"Victoria’s Secret Swim Special:  The Official Outtakes Reel"
"19","kGpbjQwCSJA",1947499,29596,194,"0",422,"Train Like An Angel: Runway Butt"
"20","ClFKuWgsWV0",1175522,13557,302,"0",755,"Taylor Hill on Becoming a Victoria’s Secret Angel"
"21","rvSDoa3ix9Q",605469,8577,70,"0",460,"Adriana Lima Surprises Victoria's Secret Customers!"
"22","N5ohLjqd6AM",1447030,25404,497,"0",1063,"Victoria’s Secret Angels Lip Sync “2U” by David Guetta & Justin Bieber"
"23","b5A36JAUdb0",958170,9546,191,"0",565,"Santa Baby: Victoria’s Secret Holiday 2016"
"24","lN0W0H5zonc",368104,4540,65,"0",270,"Lais Ribeiro on Becoming a Victoria’s Secret Angel"
"25","zaDIf-axUvM",232473,3498,34,"0",82,"Backstage Hair & Makeup at the 2016 Victoria’s Secret Fashion Show"
"26","By-mrcHTOGs",910626,16962,90,"0",195,"Train Like An Angel 2015: Alessandra Ambrosio Leg Workout"
"27","N343kHg4DEE",519243,4315,70,"0",157,"Victoria’s Secret Angels Talk Summer Crushes"
"28","KAJrkaafHgU",725064,2222,76,"0",303,"Casting the 2013 Victoria's Secret Fashion Show"
"29","r6YPL0IvJ6k",305104,5020,85,"0",345,"Jasmine Tookes on Becoming a Victoria’s Secret Angel"
"30","TKe1GDn5c_o",1895581,12232,348,"0",415,"Victoria’s Secret presents a Sexy Short:  Lily Aldridge"
"31","aV79YOLbuVM",593891,3153,57,"0",608,"Adriana Lima Debuts the All New Angel Card"
"32","lfEayUe-zxI",890888,8934,178,"0",311,"Get the Look: Behati Prinsloo for the Victoria Fragrance Campaign"
"33","QSxEieV8eck",271344,1863,28,"0",25,"Behind the 2014 Victoria’s Secret Fashion Show Trends:  Dream Girl"
"34","KKU-Ib8_AWw",502642,6169,95,"0",262,"Elsa Hosk on Becoming a Victoria’s Secret Angel"
"35","cu0W6wE0HG8",434337,3309,45,"0",198,"2013 Victoria's Secret Fashion Show Angel Fittings"
"36","VyJ05QwrJVk",687961,4818,44,"0",166,"2011 VS Fashion Show: How Candice Gets A Runway Body"
"37","dGNuCUuoD7s",600584,9507,80,"0",302,"Road to the Runway: Episode 5 —VS x BALMAIN"
"38","qJ9HpZrGl0E",1005384,6607,145,"0",423,"Victoria’s Secret Swim 2015:  Slow. Sultry. Swim."
"39","pmCNHBbrwTo",800454,11382,88,"0",745,"The Making Of The 2016 Victoria’s Secret Fashion Show: Part 1"
"40","gNG7YjhYPgY",196303,4372,55,"0",96,"The 2016 Victoria’s Secret Fashion Show: The Angels on Social Media"
"41","XSPvqvRHv9I",1646502,18361,453,"0",377,"Get the Look:  Victoria's Secret Fashion Show Runway Hair"
"42","ckLqXOyY_r8",602567,3746,76,"0",226,"2013 Victoria's Secret Fashion Show:  Lights, Camera, Angels!"
"43","jRuOptEh4Nk",346964,3567,98,"0",251,"Jac Jagaciak on Becoming a Victoria’s Secret Angel"
"44","pVQhDRkrXkA",396451,6925,52,"0",178,"Road To The Runway: Episode 7 – The Countdown"
"45","6Vzl5N4vD2U",1674583,9684,195,"0",665,"Victoria's Secret Angels Sing Jingle Bells"
"46","BIGF6a2cZ_w",1865109,9675,293,"0",1209,"Victoria's Secret Holiday 2012:  Behind the Scenes with Barbara Palvin"
"47","FYFVXq38dAc",9809673,34815,1833,"0",3250,"The Victoria's Secret Angels Sing 'Deck the Halls'"
"48","mKYxly3rHP8",572530,9962,71,"0",386,"Road To The Runway: Episode 8 – It’s Showtime!"
"49","yGLnQdx0d4U",1294853,17979,151,"0",302,"Train Like An Angel 2014:  Candice Swanepoel Full-Body Workout"
"50","lzsHrxgBRzQ",754499,14450,114,"0",643,"Behind The Scenes: 2017 Victoria’s Secret Fantasy Bra"
"51","b-SlEd93xME",171409,957,13,"0",130,"5 Models, One Incredible Day"
"52","92HCNclQOYo",444865,9633,258,"0",452,"Alessandra Ambrosio’s Wax Sculpture"
"53","O-JSfo0kuaA",837051,4417,86,"0",462,"Victoria's Secret's Floral Fantasy Bra: Behind the Scenes"
"54","tlhLaFxsx_Y",234073,1563,20,"0",108,"An Incredible Day With Adriana"
"55","ICHcmO_qqik",1306539,14116,131,"0",341,"VSX Sport Presents the Sexiest Workout Ever:  Butt"
"56","JqiXYrBCQO0",338422,2202,48,"0",215,"Get The Look:  Bronze Bombshell 101"
"57","HBev-uuYqWA",579618,5923,55,"0",235,"The Making Of The 2016 Victoria’s Secret Fashion Show: Part 8"
"58","_qL1HsFbSvE",152474,2488,20,"0",90,"2015 Victoria's Secret Fashion Show:  Creating the Hair & Makeup Look"
"59","5t7tFXJyWHY",226778,1342,16,"0",15,"A Walk on the Wild Side"
"60","NVUGWwj3dNc",770496,10254,77,"0",164,"Train Like An Angel 2015:  Candice Swanepoel Leg Workout"
"61","jbdGjyPj0Yk",197421,2375,31,"0",183,"Get the Look: VS Fantasies"
"62","v5vVAp3s5w0",199024,1966,25,"0",45,"2013 Victoria's Secret Fashion Show: Creating the Collection, Part 2"
"63","Q5I--lp8kcA",643990,8654,61,"0",126,"Train Like An Angel 2015: Adriana Lima Arm Workout"
"64","S_ud0PG4NiU",980096,14089,119,"0",237,"Train Like An Angel: Lily Aldridge"
"65","pBiyKFHudh4",553246,9873,64,"0",213,"Train Like An Angel: Candice Swanepoel"
"66","CDJRv4Tv4EI",1663127,13128,266,"0",443,"The Making Of The 2016 Victoria’s Secret Fashion Show: Part 7"
"67","s3mMbuC5-Lw",371584,2944,25,"0",77,"2014 Victoria’s Secret Fashion Show:  It’s Almost Showtime!"
"68","ZEdtNtxO89o",239797,1669,41,"0",112,"Behind the Scenes of the Body by Victoria Shoot (March 2014)"
"69","gH05jPVxs30",1526016,15922,110,"0",427,"VSX Sport Presents the Sexiest Workout Ever:  Legs"
"70","Y5tmUqhHUlM",393130,1482,35,"0",360,"Candice Swanepoel & Doutzen Kroes in Calgary"
"71","eGfxG0bUSLk",427922,3897,36,"0",194,"The Making of the Victoria’s Secret Fashion Show:  Part 1 - How It All Begins"
"72","-dFv8-EKkoQ",1057316,16461,139,"0",181,"Train Like An Angel 2014: Adriana Lima Core Workout"
"73","Dwrm0X7RL0c",1613643,15793,1187,"0",1150,"Victoria’s Secret Angels Sing 12 Days of Christmas"
"74","ffQf-U1aez8",1195442,14095,120,"0",347,"Train Like An Angel: Adriana Lima"
"75","y9VRcm0jcwQ",319202,2513,28,"0",94,"2013 Victoria's Secret Fashion Show Rehearsals"
"76","4T6LZsWq3_E",802381,11171,118,"0",315,"Road to the Runway: Episode 4 - Creating The Collection"
"77","uo0_jJghRiU",175939,1034,14,"0",89,"An Incredible Day With Lily"
"78","fI8C2zkaLZY",1780268,2656,136,"0",450,"Casting the 2011 Victoria's Secret Fashion Show"
"79","0Iw4wTlm4Mw",5270474,24782,1076,"0",1865,"Casting the 2014 Victoria’s Secret Fashion Show"
"80","V5IuV7eTGXs",373016,2822,26,"0",223,"2011 VS Fashion Show: How Doutzen Gets a Runway Body"
"81","HOP0y9cOKOE",681976,7470,99,"0",678,"The Making Of The 2016 Victoria’s Secret Fashion Show: Part 2"
"82","TNt9PAMMGIw",410753,5958,63,"0",110,"Train Like An Angel 2014: Candice Swanepoel Butt Workout"
"83","KJXHbNpCY7Q",287574,3229,55,"0",155,"Victoria’s Secret Angels Talk Sport Bras"
"84","bM2YSlpqu2M",704834,1475,30,"0",257,"Victoria's Secret Swim 2012: Behind the Scenes"
"85","6XQ6mzrqtQY",315672,634,8,"0",30,"Fit for An Angel 2010"
"86","1B9hUG83PBk",1996587,6789,275,"0",928,"The Making of the VS Fashion Show:  Part 4 – The Castings"
"87","tjdggptvdbw",69810,1801,20,"0",65,"Train Like An Angel: How To Improve Your Flexibility With Ballet Beautiful"
"88","V98BtGBbgp4",362972,1629,29,"0",180,"Victoria's Secret Angels Talk About The First Kiss"
"89","aBLXm2tWDpQ",302383,2992,21,"0",97,"Train Like An Angel: Runway Arms"
"90","phD8IcIgDOY",289616,3530,134,"0",142,"Martha Hunt on Becoming a Victoria’s Secret Angel"
"91","xyfOJAKA5H0",184219,1906,30,"0",138,"Victoria’s Secret Swim Special:  Behind the Scenes with Juanes"
"92","ncbwRuJndXs",313298,3732,24,"0",542,"Angels Around the World"
"93","S5-sx-Qgd_M",2862843,12178,766,"0",680,"Victoria’s Secret Angels Play Football"
"94","0QRYeX38Op4",203586,1174,21,"0",96,"4 Steps to Supermodel Makeup"
"95","Pd2uc28EEeE",319629,2110,41,"0",106,"Behind the 2014 Victoria’s Secret Fashion Show Trends:  University of PINK"
"96","eVbCCU3pohY",321608,3151,116,"0",363,"Victoria's Secret Live 2015:  Angel Trivia Quiz"
"97","uElHjS-f6YY",308647,1962,18,"0",82,"Train Like An Angel: Runway Cardio"
"98","fo4opsaqITU",260226,2696,61,"0",101,"Victoria’s Secret Live 2016: Quiz Show"
"99","ofdg8TXdMpw",164720,798,19,"0",60,"A Year in the Life of a Victoria's Secret Angel:  Miranda Kerr"
"100","8O0Os_8cusk",316171,3903,32,"0",78,"Train Like An Angel:  Lindsay Ellingson"
"101","UBmLUXYfNUM",136179,1591,74,"0",326,"Victoria's Secret Asks:  What's Your Fragrance Personality"
"102","t6fBq1Vmc4s",811290,8624,217,"0",588,"Behind The Bling: The 2016 Victoria’s Secret Fantasy Bra"
"103","wFZL2MaL3rU",252997,2281,71,"0",148,"Get The Look:  Bombshell AM/PM"
"104","Yig8SJ_tXVM",872378,6113,246,"0",315,"Victoria’s Secret presents a Sexy Short:  Martha Hunt"
"105","zNcxJ_rKEwA",76928,798,11,"0",13,"2013 Victoria's Secret Fashion Show: Creating the Collection, Part 1"
"106","o8bVjXeC2Lw",632862,5617,73,"0",505,"The Making Of The 2016 Victoria’s Secret Fashion Show: Part 5"
"107","UpkPHIwW8u8",513507,1755,50,"0",122,"Victoria's Secret Holiday 2012:  Behind the Scenes with Doutzen Kroes"
"108","umbM6DCedws",251347,2795,148,"0",269,"Kate Grigorieva on Becoming a Victoria’s Secret Angel"
"109","3gFqHKVUUOY",2992249,39953,382,"0",806,"VSX Sport Presents the Sexiest Workout Ever:  Core"
"110","ZTTNTDqk72I",373202,4440,29,"0",102,"Train Like An Angel 2014:  Adriana Lima Full-Body Workout"
"111","bNEaRXSXx_0",255969,1702,31,"0",12,"Victoria's Secret Goes Global!"
"112","M27Jj0BQVMs",498784,5543,38,"0",202,"The Making Of The 2016 Victoria’s Secret Fashion Show: Part 4"
"113","nQ2-71dQLuw",1105235,10283,655,"0",636,"Victoria’s Secret Holiday 2016: A Very Private Affair"
"114","WhH6xGse_fo",573118,9537,353,"0",598,"Victoria’s Secret Holiday 2017 Commercial"
"115","saX5rWnTr6c",719658,10389,89,"0",356,"Road To The Runway: Episode 3 – Meet The Artisans"
"116","XqJmox9XImw",71154,1030,17,"0",42,"Behati Prinsloo at the Victoria's Secret T-Shirt Bra Press"
"117","BOTZWMk40ZA",201866,881,11,"0",181,"Fit for An Angel 2011"
"118","Z5blIcOVDPI",734139,7117,349,"0",630,"Victoria’s Secret Reveals the 2015 Fireworks Fantasy Bra!"
"119","Ql3JQLRACW8",168480,1256,33,"0",67,"Victoria's Secret Live: Fitness Segment featuring Ballet Beautiful"
"120","1nl9TyrBgbs",167405,1555,15,"0",46,"What Happened in Vegas..."
"121","cU4Nsqy1sOM",515330,3057,35,"0",76,"Behind the 2014 Victoria’s Secret Fashion Show Trends:  Fairy Tale"
"122","lFEgyLaz6o4",898833,12283,112,"0",372,"Road to the Runway: Episode 2 – Destination Shanghai"
"123","vPq-arvSqu8",330953,2699,42,"0",158,"The Victoria's Secret Angels Talk Crazy Stupid Love"
"124","qFp1pVxZnm4",565483,4729,126,"0",293,"Get the Look:  The Bombshell Look, Perfected by Victoria's Secret"
"125","OooVPoo26Xc",992041,4512,91,"0",401,"Valentine Do's & Don'ts from Victoria's Secret"
"126","q103s-NpUh4",86523,1351,46,"0",71,"On the Set of Victoria’s Secret’s New Bombshell Campaign"
"127","ohjSM5pNtHA",720560,7811,67,"0",187,"VSX Presents Train Like An Angel: Runway Core"
"128","fi5Q2gw4zxY",389657,3165,42,"0",193,"The Making of the Victoria’s Secret Fashion Show:  Part 3 – Creating the Collection"
"129","BldDzu0pqaQ",165462,1553,42,"0",53,"Get the Look: Fall Drama, à la Victoria's Secret"
"130","VdjXBzvT_YY",228602,1620,24,"0",85,"2012 Victoria's Secret Fashion Show:  A Swarovski Celebration"
"131","rWpRLBXBflw",471217,1594,42,"0",3,"Before I Was a Supermodel: Erin Heatherton"
"132","hLbXdwuVZns",270408,1537,26,"0",47,"Victoria's Secret Holiday 2013:  Behind the Scenes"
"133","-1jTNlOPG6Q",156700,3659,32,"0",96,"Introducing Victoria Sport"
"134","O9UJI_LAtwI",176817,1608,29,"0",124,"Victoria's Secret Angel Close-Up:  Miranda Kerr"
"135","W4P6WVyhB3Q",248848,1148,77,"0",148,"Before I Was a Supermodel: Chanel Iman"
"136","OyIwAkvsC3I",918860,5025,103,"0",424,"Get the Look: Erin Heatherton for Dream Angels [Video]"
"137","xL_FDS5sz_U",80611,1165,18,"0",63,"Victoria's Secret Holiday 2014:  Adriana Lima in London"
"138","sJl7ht2V4Ck",235875,2580,52,"0",205,"Behind the Scenes of the Body by Victoria Shoot (July 2015)"
"139","0Ew_rpbuOPs",296774,1044,30,"0",82,"2012 Victoria's Secret Fashion Show:  Runway Inspiration"
"140","rROF_O4Gypo",238130,5277,69,"0",265,"Victoria’s Secret – Bralette Commercial (Extended)"
"141","kgysHxmUAq4",549152,2706,42,"0",292,"The Victoria's Secret Angels Talk Seduction"
"142","H0U5yVuxCpw",247411,2456,56,"0",82,"Victoria's Secret Live 2015:  Gigi Hadid & Lily Aldridge"
"143","hG-l9WBFi5A",519508,2295,41,"0",209,"'Love Me.' The Victoria's Secret Angels Tell You How."
"144","Dt2wgp5u-io",86734,568,12,"0",129,"Candice Swanepoel, Bregje Heinen & the New Body by Victoria Collection in NYC"
"145","xSGtWQGCtes",214531,858,42,"0",309,"Victoria's Secret Angels Announce the 2012 What Is Sexy? List"
"146","Xl4s8shykng",342471,3769,26,"0",88,"The Making Of The 2016 Victoria’s Secret Fashion Show: Part 3"
"147","2GwRo3Fwdd8",215845,2198,59,"0",132,"Go Ahead, Try Me: On Set For Victoria’s Secret Sport Fall 2015"
"148","bJVtkTPliuc",2133484,17661,251,"0",475,"VSX Sport Presents the Sexiest Workout Ever:  Arms"
"149","NotVuELowjI",43481,299,1,"0",1,"Sexy by the Numbers"
"150","YdA9-xFwrZw",197296,2264,25,"0",22,"Train Like An Angel 2014: Alessandra Ambrosio Arm Workout"
"151","MnDaRtETvNk",393366,2996,80,"0",180,"Victoria’s Secret Angels Redefine Twas the Night Before Christmas"
"152","T0uNk1zJh8w",68528,519,10,"0",57,"Candice Swanepoel Launches VS Fantasies in Los Angeles"
"153","sV4UV79spbg",678783,5697,61,"0",195,"The Making of the Victoria’s Secret Fashion Show:  Part 6 – The Countdown"
"154","A8m6qPi4PvU",369500,3223,63,"0",211,"Victoria's Secret Live 2015:  Elsa Hosk & Taylor Hill"
"155","yAB_d8q7QR4",336389,971,25,"0",5,"Swim 2011:  On Location with Candice, Lily & Erin"
"156","Pr4J1r4UN7s",166756,2468,18,"0",114,"Angels in Action: Adriana Lima"
"157","BG08HMCY6mk",88255,372,6,"0",51,"Victoria's Secret Angels' Holiday 2011 Gift Picks"
"158","BEHzLbo0_TE",250973,1034,14,"0",75,"Inside the 2012 Victoria's Secret Fashion Show: Circus"
"159","_54KpmOe8XQ",161394,990,16,"0",68,"2012 Victoria's Secret Fashion Show Rehearsals"
"160","VgL6PD2NZl8",219790,395,11,"0",8,"VSX Keeps Victoria's Secret Supermodel Doutzen Kroes In Tip-Top Shape"
"161","iLxhMp1mmVM",431123,3808,265,"0",282,"Score More: The Victoria’s Secret Angels Play Football (2016 Extended Cut)"
"162","jgB_LcTTEGY",107122,453,8,"0",96,"Behind the Scenes of the VS Knockout Push-Up TV Commercial"
"163","nR8Y8etW6sE",35784,173,7,"0",4,"Ethereal Girl"
"164","ix_HTPMw9LQ",156549,1803,64,"0",120,"Get the Look: A Bombshell Bronze Glow, Perfected by Victoria's Secret"
"165","mVAVFwTCLU4",373865,2406,49,"0",165,"Get the Look:  Gorgeous Campaign Shoot"
"166","DQXH4shzCZo",152431,541,5,"0",45,"2011 Victoria's Secret Fashion Show Rehearsals"
"167","Slqf6jn7xkc",211746,2331,26,"0",89,"Victoria's Secret Live 2015:  Behati Prinsloo"
"168","UUVQHa4uE5I",289066,1262,26,"0",253,"Fabulous by Victoria's Secret:  Behind the Scenes"
"169","dTjp7o-Lkss",481569,3769,51,"0",219,"The Making of the Victoria’s Secret Fashion Show:  Part 2 - The Show Takes Shape"
"170","YElgogp8wnM",194463,560,24,"0",146,"A Video Retrospective of the Victoria's Secret Fantasy Bra"
"171","MUJsjgwq1A0",176647,1836,28,"0",156,"Victoria’s Secret Live 2016: Angel Elsa Hosk"
"172","ETPncF7f3Sg",42552,182,8,"0",7,"Inside the 2009 VS Fashion Show Rehearsals"
"173","1ByPyjgTxpA",343344,5119,45,"0",96,"Train Like An Angel 2014:  Alessandra Ambrosio Full-Body Workout"
"174","V6UH-cv2LGo",154977,2310,47,"0",200,"The 10 Newest Victoria’s Secret Angels Take Over Times Square"
"175","RDrNDKi4GjE",238441,3752,39,"0",84,"Victoria’s Secret Live 2016: Work Out With JoJa"
"176","oEptdDY30bM",5952178,25708,996,"0",1501,"Video Highlights from the 2013 Victoria's Secret Fashion Show"
"177","_HnIo_fwrgE",146487,1165,27,"0",220,"A Fabulous Peek Behind the Scenes with the Victoria's Secret Angels"
"178","9HO2JY23-D4",102158,1785,41,"0",75,"Supermodel Street Style:  St. Tropez"
"179","YEkorG5kbSo",585275,1518,51,"0",163,"Victoria's Secret Valentine's Day 2012:  Behind the Scenes"
"180","5corhYhH5jY",633098,3293,46,"0",645,"Victoria's Secret Angels Answer ""What Kind of Angel Are You?"""
"181","ZdShtNRNJLs",310036,5921,198,"0",689,"Victoria’s Secret Angel Jasmine Tookes Will Wear The 2016 Fantasy Bra"
"182","imUZOaWpth0",49202,179,4,"0",3,"2011 Victoria's Secret Fashion Show Factoids"
"183","cp06pKfJ9X0",170468,4623,49,"0",164,"VS x BALMAIN :60 Launch Video"
"184","WJgRKSajtNY",154007,292,9,"0",1,"ANGEL BOOT CAMP TASK 4: KYLIE- WATCH & VOTE NOW!"
"185","murUcJKEN3k",93656,2232,46,"0",72,"Victoria’s Secret Angels Talk Summer"
"186","qw8XlL_c5As",345999,736,37,"0",10,"ANGEL BOOT CAMP TASK 2: JAMIE LEE- WATCH & VOTE NOW!"
"187","jdDijRiTImo",229215,2923,37,"0",131,"Angels in Action: Candice Swanepoel"
"188","aqh4s88xr9s",82775,917,27,"0",179,"Victoria's Secret Swim 2013 Heats Up Hollywood"
"189","Gtfw1WGuVCY",142771,7304,57,"0",339,"Victoria’s Secret Angels Get In the Spirit"
"190","w6mRv9lTt-k",460713,4556,93,"0",350,"Happy Holidays 2013 from the Victoria's Secret Angels"
"191","6oXlTCTcxoo",159080,1116,36,"0",69,"Victoria’s Secret Fearless Campaign: Behind-the-Scenes"
"192","CWj_GjFC26I",179979,1844,45,"0",110,"Get the Look: The Modern-Day Italian Bombshell, à la Victoria's Secret"
"193","54pFo-LzhRg",2431882,7701,1022,"0",851,"ANGEL BOOT CAMP TASK 2: WATCH & VOTE NOW!"
"194","oUyuga8ZhVY",80519,2259,28,"0",111,"The Best Friend Game With Angel Sara Sampaio & Sadie Newman"
"195","yNlw4CJKv2M",33400,882,17,"0",20,"Train Like An Angel: Healthy Mind & Body With Tracy Anderson"
"196","PcSI5KHoU30",150064,726,24,"0",39,"Victoria's Secret Backstage Beauty Tips & Tricks Revealed!"
"197","EQSuXmab4NU",52962,1236,29,"0",31,"Train Like An Angel: Restore 101 With Beth Cooke"
"198","ognsJ4mLdVI",88666,1400,41,"0",92,"Victoria’s Secret Announces the 2015 #WhatIsSexy List"
"199","GJbXh7Hj19E",374518,872,86,"0",5,"ANGEL BOOT CAMP TASK 2: TIKA- WATCH & VOTE NOW!"
"200","KwR7KCZCyqY",119134,1047,8,"0",79,"Victoria's Secret Angel Close-Up:  Doutzen Kroes"
"201","9xWzUklFT5k",157629,991,13,"0",28,"Behind the 2013 Victoria's Secret Fashion Show Trends:  Shipwrecked"
"202","iBINo9KZjvE",23370,163,2,"0",34,"Fashion's Night Out 3rd Annual Fête at Victoria's Secret"
"203","lUp1Q6poxgw",39785,202,4,"0",7,"Inside the VS Holiday 2009 TV Shoot:  Part 1"
"204","WtpUE1yt5lA",50195,1105,33,"0",40,"Train Like An Angel: Making Time For Fitness With Tracy Anderson"
"205","K3JDlTEm8bU",39102,175,4,"0",4,"A Year in the Life of a Victoria's Secret Angel: Erin Heatherton"
"206","GlQzR5mb8i0",29840,143,4,"0",3,"Casting the 2009 Show"
"207","vWFq0CHLhY4",211692,1627,8,"0",44,"2011 VS Fashion Show: How Lindsay Gets a Runway Body"
"208","Rmv_HqfrRX4",183231,637,23,"0",108,"BIKINI MIXER® WITH CANDICE SWANEPOEL"
"209","PsGDHN9v4Yw",164132,1047,20,"0",121,"2012 Victoria's Secret Fashion Show:  You Asked, We Answered"
"210","XZoD8ueNW6Y",274858,1456,25,"0",86,"Get the Look:  Fall's Bold Lip, Perfected by Victoria's Secret"
"211","hnb_jHSxgBs",69697,858,15,"0",87,"The Angels Land in Vancouver! Victoria's Secret Grand Open"
"212","xEA0-CKIaa4",173372,1436,16,"0",34,"2014 Victoria's Secret Fashion Show:  Creating the Hair & Makeup Look"
"213","yzo1Ro1TW8M",38309,1109,14,"0",25,"Train Like An Angel: 3 Moves To Start Your Day With Beth Cooke"
"214","KeOciRpXeYw",231852,629,40,"0",10,"ANGEL BOOT CAMP TASK 2: ALICIA- WATCH & VOTE NOW!"
"215","VliZyDraYeI",366268,7245,34,"0",330,"The 2016 Victoria’s Secret Fashion Show: Adriana Lima’s Road to the Runway"
"216","W_4l_LpvL1M",95396,234,5,"0",1,"Inside the VS Holiday 2010 TV Shoot:  Part 1"
"217","BuszvCV-XJc",986790,3476,118,"0",385,"Victoria's Secret Live, Spring 2012:  Supermodel Miranda Kerr"
"218","zTGzM2koGAQ",43886,291,13,"0",44,"Victoria's Secret Live: Supermodel Lily Aldridge"
"219","b-aWWlZIQUY",53409,769,25,"0",44,"A Quick Stretch with Victoria's Secret Sport: Arms"
"220","m85x70Wx7TA",286793,2122,25,"0",93,"Victoria's Secret Swim 2014: Trend Watch"
"221","xCbGH9Ocbts",426457,1852,53,"0",337,"Victoria's Secret Valentine's Day 2013:  Behind the Scenes"
"222","yoJ1n6MBHuI",70430,2006,21,"0",79,"Train Like An Angel: 3 Moves For a Better Butt with 305 Fitness"
"223","WTT911QK1Mg",142619,3304,22,"0",167,"On the Set of the VS Bombshell Fragrance Campaign"
"224","MpTe49ha0lU",417929,3742,79,"0",110,"Meet the Newest Knockouts from Victoria’s Secret Sport"
"225","mnvX73Adv2w",73859,551,10,"0",85,"Adriana Lima Sets the Record Straight About the Victoria's Secret Fashion Show"
"226","zckHzvpxGpA",253793,3751,66,"0",169,"The 2016 Victoria’s Secret Fashion Show: Jasmine Tookes’ Road to the Runway"
"227","VGia72ni61I",2139198,5123,526,"0",132,"Victoria’s Secret Swim Special:  Behind-the-Scenes"
"228","w8YoTCU9DDs",193910,2342,45,"0",206,"Victoria's Secret Live 2015:  Marian Hill"
"229","It3FsauFcBg",98668,1107,42,"0",120,"Victoria’s Secret Live 2016: Our Newest Models"
"230","Wm2xZmdtbkY",254771,6452,49,"0",207,"Angel Intel: What it Means to Wear the Fantasy Bra"
"231","1V-qAhGuEeU",245619,2295,35,"0",57,"The Making of the Victoria’s Secret Angels & Umbrellas Video"
"232","npJgLWNrHYk",87803,2279,37,"0",69,"The Best Friend Game With Angel Elsa Hosk & Madison Utendahl"
"233","QF7jTlbj9cc",41388,1120,11,"0",40,"Train Like An Angel: Focus On Form With Dogpound"
"234","t5hrkmaoKx4",206155,5923,54,"0",170,"Train Like An Angel Master Class"
"235","OnvS1l7xUjM",100800,905,17,"0",121,"Victoria's Secret Angel Close-Up:  Lindsay Ellingson"
"236","yq2WDVP6xtQ",61801,768,15,"0",31,"A Quick Stretch with Victoria's Secret Sport: Legs"
"237","VFXnQ-bNfME",139234,244,6,"0",26,"Casting the 2010 Show"
"238","7FLbSEbDdNU",23797,190,5,"0",17,"Oh, Canada!"
"239","MDwDrdQa42I",298132,2778,54,"0",124,"Victoria's Secret Live 2015:  Adriana Lima"
"240","Ng37yAJscII",141663,2648,31,"0",49,"The 2016 Victoria’s Secret Fashion Show: Lily Aldridge’s Road to the Runway"
"241","CfUUrZGSZs4",354800,3478,82,"0",248,"Victoria’s Secret – Sexy Little Things Online Commercial"
"242","bJyF0W6AOz8",119569,357,5,"0",46,"The New Shapes of Very Sexy:  Behind the Scenes"
"243","kIguwNCZvlk",458415,3318,58,"0",204,"Victoria’s Secret Swim Special Official Trailer #1"
"244","Plu4FdReOes",72043,1760,14,"0",55,"The 2016 Victoria’s Secret Fashion Show: What is Love?"
"245","lUbs9XhVUU8",380738,926,110,"0",14,"And the Runway Angel is..."
"246","uJ7338KAl44",446694,5999,71,"0",385,"Victoria’s Secret Body by Victoria TV Commercial (Extended) (Spring 2016)"
"247","tTPrFpjfUoQ",257603,564,17,"0",178,"Behind the Scenes of the Victoria's Secret Spring 2012 Angels Shoot"
"248","QZYFa0qnjmc",178585,1986,11,"0",43,"London Calling:  The Road to the Runway"
"249","gndVZd0OxQQ",85272,985,13,"0",45,"Behind the Scenes: Victoria’s Secret Sport Fall 2014"
"250","FX1bcvD-m0c",420505,4267,94,"0",427,"Decoding Love with the Victoria's Secret Angels"
"251","SUpQ0c6_NdE",816099,2695,150,"0",583,"Victoria's Secret Live: Supermodels Erin Heatherton & Candice Swanepoel"
"252","fezSqm7z8Ls",62535,229,4,"0",22,"Making the Victoria's Secret 2011 Holiday TV Commercial: The Train Station"
"253","fHj7qeqF7wY",107905,1352,39,"0",33,"Get the Look:  Party-Perfect Makeup"
"254","s4wAuS59Sik",55404,170,13,"0",3,"Model Apartment at Last!"
"255","nmTT42Q0bsI",338447,1115,60,"0",17,"Wild & Beautiful: Behind the Scenes"
"256","eY5uj5WYXR4",130972,1133,57,"0",94,"Get the Look: Modern Mattes by Victoria's Secret"
"257","_8Q4GSpCbQc",347956,2891,39,"0",98,"Victoria’s Secret Swim Special Official Trailer #2"
"258","vPEysUBI1Mk",759927,5267,806,"0",576,"Stella Maxwell on Becoming a Victoria’s Secret Angel"
"259","r1DC_s9KOig",257173,608,21,"0",10,"ANGEL BOOT CAMP TASK 2: ALLISON- WATCH & VOTE NOW!"
"260","V-Lu1LgdDdA",115343,651,21,"0",20,"Victoria's Secret Live 2014:  Magic Man"
"261","vt5ap9qK45s",202736,1059,45,"0",128,"Victoria's Secret Angel Close-Up:  Lily Aldridge"
"262","AUSeEz_yhLE",143970,3377,31,"0",169,"Victoria’s Secret Angels Land in China"
"263","BQcOqpuuFUs",255169,5252,38,"0",228,"The Angels + Balmain’s Olivier Rousteing"
"264","_bd4nUbf1zs",649863,2083,29,"0",5,"2010 VS Fashion Show in 12 Minutes"
"265","IiMzgkcjokc",379849,965,30,"0",29,"Adriana Lima & the 2010 Bombshell Fantasy Bra"
"266","Y4jPWZaqEA0",90388,901,26,"0",94,"Victoria's Secret Dream Angels Holiday 2013:  Behind the S"
"267","Ye4jT-PS59k",120726,436,6,"0",40,"Victoria's Secret Angels Dish on All Things Love"
"268","h6fyX1quDFA",215797,1516,53,"0",120,"Victoria’s Secret Dream Angels:  Behind the Scenes"
"269","wze7JI65RC4",33923,722,14,"0",21,"Train Like An Angel: De-stress With Classical Music And Ballet Beautiful"
"270","1kh0Ud7sLSE",186642,611,9,"0",20,"Making the Victoria's Secret 2011 Holiday TV Commercial:  The Chateau"
"271","Rt7CfthtNm4",77257,1676,27,"0",67,"Real Talk: Lily Aldridge on LOVE"
"272","aYWmLW84f-I",137639,1795,79,"0",263,"The New Face of Victoria"
"273","hntY0JAlczE",281973,4775,55,"0",188,"The 2016 Victoria’s Secret Fashion Show: Josephine Skriver’s Road to the Runway"
"274","1iaEIABKFKM",31745,1021,13,"0",36,"Train Like An Angel: All About The Stretch With Dogpound"
"275","TO-6ZG3HU1I",211011,1340,27,"0",145,"Flawless by Victoria's Secret:  Behind the Scenes"
"276","tTMOyL1AlIY",542556,5660,85,"0",211,"Victoria’s Secret - 2016 Swim Special Official Trailer"
"277","WbYvBRRMjbM",208592,4479,43,"0",173,"The 2016 Victoria’s Secret Fashion Show: Sara Sampaio’s Road to the Runway"
"278","fz5yt6JKv2E",36041,905,12,"0",48,"Train Like An Angel: 3 Dance Moves With 305 Fitness"
"279","OkKbVBfBZh8",109992,301,11,"0",5,"Victoria's Secret Swim '10. Bring it!"
"280","j1MFUunDfdo",29313,86,4,"0",1,"LA CASTING CONFIDENTIAL"
"281","zkBot3-aagA",220942,1741,23,"0",50,"Behind the 2014 Victoria’s Secret Fashion Show Trends:  Exotic Traveler"
"282","NV1QAtrtwl8",262211,1640,66,"0",205,"Victoria's Secret Live 2014:  Daniela Braga, Grace Mahary & Taylor Hill"
"283","p0FizASyX94",131138,323,19,"0",7,"ANGEL BOOT CAMP TASK 1: ALICIA- WATCH & VOTE NOW!"
"284","jKsuzETTVXw",128272,1069,21,"0",29,"Victoria's Secret Live 2014:  Lily Aldridge & Martha Hunt"
"285","ZhAqvrwMHCE",144908,1251,42,"0",78,"Angels in Action: Lily Aldridge"
"286","dZEHSAeXef8",309563,1742,71,"0",339,"Angels, Islands & Unlined Bras: Behind the Scenes with Victoria's Secret"
"287","L8KiebGMrSg",111722,1834,12,"0",57,"A Quick Stretch with Victoria's Secret Sport: Core"
"288","GL7zOq94--0",405048,1708,56,"0",262,"Victoria's Secret Live: Supermodel Adriana Lima"
"289","UpzjRwqSNBA",167772,1632,23,"0",65,"Spring 2014 Victoria's Secret Sport Collection:  Behind the Scenes"
"290","wQ18ZgPL6ZM",104627,536,18,"0",54,"Inside the 2012 Victoria's Secret Fashion Show: Angels in Bloom"
"291","TATfKXbacxE",140405,869,52,"0",95,"Get the Look: Victoria's Secret Metallic Makeup"
"292","QkIpvV_Jsts",87707,2746,60,"0",219,"Victoria’s Secret Opening in China"
"293","vr6FrDlUlyo",72643,320,6,"0",74,"A Floral Affair: Angels in Love in NYC"
"294","-2dg4d4w9TA",116593,456,26,"0",97,"Victoria's Secret Angels Announce 2011 What Is Sexy? List"
"295","5xBSfSLhAb4",66601,449,7,"0",24,"Victoria's Secret Very Sexy Holiday 2013: Behind the Scene"
"296","0RhD2zh2J8w",36508,128,0,"0",7,"Inside the VS Holiday 2010 TV Shoot:  Part 4"
"297","9r-2KtALiRw",144363,845,11,"0",63,"Victoria's Secret Asks: What's A Showstopper?"
"298","iDvDfrrQAcY",47242,230,1,"0",34,"2011 Victoria's Secret Fashion Show: It's (Almost) Showtime!"
"299","JN90hcVigdA",91937,1109,11,"0",102,"VSX Sport:  New Year, New You...Own It!"
"300","MpbguhLckGo",136089,345,3,"0",2,"Ready, Set, Runway! (Extended Edit)"
"301","1GIah4KFo1w",52280,481,10,"0",99,"Adriana Lima pone las cosas en su lugar acerca del Victoria Secret Fashion Show"
"302","OaPOh0-mTb8",107613,2843,20,"0",134,"Victoria’s Secret: 2014 in 60 Seconds"
"303","bk7dxQjcV2o",241208,1667,57,"0",40,"Victoria's Secret Angel Lily Aldridge Talks Everyday Style"
"304","mK7bLOeexBE",109082,401,11,"0",9,"""Hello, Bombshell!"""
"305","TaIWCf324PM",807522,4992,128,"0",366,"Instant Replay:  VS Live Before the Fashion Show 2014"
"306","EMOxRWd-Q1k",773575,3250,75,"0",23,"Why Alessandra Ambrosio loves her body"
"307","6ycmNnZUiM8",86184,639,15,"0",30,"2013 Victoria's Secret Fashion Show:  The Runway Trends"
"308","9S0AFQ_Oo_M",34133,228,2,"0",73,"2nd Supermodel Cycle Raises Funds for Pelotonia, Cancer Research"
"309","vWMGFUiu3LM",209188,1811,45,"0",79,"Victoria's Secret Swim 2014:  From St. Tropez, With Love"
"310","C9_Ff7LwCuw",2375014,14239,401,"0",654,"Victoria's Secret Live"
"311","ZFUgaZvzOr0",146392,1212,28,"0",60,"Victoria's Secret Valentine's Day 2014: Behind the Scenes"
"312","0u3TsQUtnSY",764285,7966,293,"0",340,"Victoria’s Secret Global Media Live Stream"
"313","vDWP8fZRMAQ",58811,763,38,"0",44,"Victoria's Secret Live 2016: Verite"
"314","86mF928ZgFs",2483001,15525,547,"0",742,"Victoria’s Secret Live 2016"
"315","OiR-CeH7lng",229686,274,9,"0",29,"Victoria's Secret V-Day Shoot:  Behind the Scenes"
"316","wvE_gLQGXR4",131298,1144,25,"0",117,"Online Exclusive: A Bombshells' Day Video from Victoria's Secret"
"317","iGCjpqodQYw",181196,693,13,"0",45,"Behind the Scenes of the Victoria's Secret Cotton Lingerie Shoot"
"318","lD_9uHf6SKc",113679,998,35,"0",84,"Victoria's Secret Angel Dream:  Behind the Scenes"
"319","WN3EkPks1Es",182138,1613,42,"0",55,"Victoria’s Secret Fabulous Campaign:  On Set with Behati Prinsloo"
"320","x68Q8cSoV7k",37750,182,23,"0",41,"Lily Rocks"
"321","EIj60u1E-Jo",74497,1147,20,"0",166,"Victoria's Secret Night:  Behind the Scenes"
"322","2Kvn81KNB7g",118536,1166,20,"0",331,"Fun on the Set of the Body by Victoria Fall 2013 Shoot"
"323","y7WCt_p4jIg",229085,1857,413,"0",193,"5 Minutes to Sexy:  VS Angel Lily Aldridge Gives a Smoky Eye DIY"
"324","7xTSLohsKPU",147696,803,14,"0",18,"Train Like An Angel 2014 Teaser:  Candice Swanepoel"
"325","nWUFbB2SmiU",178345,1229,52,"0",110,"Behind the Scenes of Victoria’s Secret’s Eau So Sexy Shoot"
"326","IDR8FJhDyQs",127329,2972,29,"0",94,"The 2016 Victoria’s Secret Fashion Show: Taylor is Ready for the Runway"
"327","Rbh4rA1amTc",76845,498,12,"0",110,"Amazing by Victoria's Secret: Behind-the-Scenes"
"328","h-qbxxfMjhQ",88571,1579,5,"0",43,"Own The Look: Alessandra in the 2016 Victoria’s Secret Fashion Show"
"329","-3Qw-W9w0p4",92238,677,24,"0",173,"It's Back! The Vosges Chocolate Gift Box at Victoria's Secret Stores"
"330","KC7mZqSMJNg",445973,3711,95,"0",197,"Victoria’s Secret - Very Sexy TV Commercial (Extended)"
"331","K9OI0Ei2Zbw",165669,1347,19,"0",30,"Victoria's Secret Swim 2014 Makes a Splash in LA"
"332","TNQaAtChA1o",49465,1162,17,"0",24,"Voices of the Angels: Olivier Rousteing Interviews Sara"
"333","hWf6UTn-ljk",100112,151,11,"0",9,"ANGEL BOOT CAMP TASK 1: JAMIE LEE- WATCH & VOTE NOW!"
"334","1s7l3RnMZ1k",29168,150,2,"0",31,"Gorgeous Tea Time with Beauty Bloggers"
"335","oR6w0PoHfgM",239760,2043,110,"0",188,"Instant Replay:  VS Live Before the Fashion Show 2013"
"336","lw2JOyf1OHE",39545,129,3,"0",40,"Bombshell Diary"
"337","nMOjFHU9UfY",208110,3559,46,"0",100,"Victoria’s Secret Sport TV Commercial (March 2016)"
"338","KPSAMguO8bY",49167,222,5,"0",19,"Victoria's Secret Angels Wish You A Merry Christmas"
"339","3J9D25o15UI",59607,1255,23,"0",35,"Voices of the Angels: Olivier Rousteing Interviews Josephine"
"340","bsLa4KxLgDs",80168,819,173,"0",93,"A Heavenly Day in Chicago with Karlie Kloss"
"341","FA-j4BscfDs",377303,1285,65,"0",207,"VSX Sexy Sport:  Sexiest. Butt. Ever."
"342","_GlmWXrPRwA",40164,761,19,"0",63,"September is for Angels Teaser"
"343","dRwv9ldz_CM",429124,5640,63,"0",419,"The 2016 Victoria’s Secret Fashion Show Is Going To Paris!"
"344","YB6pxX1ykC0",70418,1553,18,"0",47,"Voices of the Angels: Olivier Rousteing Interviews Adriana"
"345","drxva8UM-zM",422072,881,53,"0",19,"You've Got Male"
"346","9syjYm3_GMo",224285,5315,44,"0",690,"Real Talk: Candice Swanepoel on LOVE"
"347","QwHo8Vxxaeo",106512,178,34,"0",36,"ANGEL BOOT CAMP TASK 1: KYLIE- WATCH & VOTE NOW!"
"348","jANpsZGKPXA",118804,339,12,"0",11,"Why Emanuela DePaula loves her body"
"349","qeDSKWh1Oz8",34213,218,8,"0",8,"Get Runway Ready"
"350","lj4fty7-HWY",89452,2483,25,"0",90,"Victoria’s Secret Angel Adriana Lima in Singapore"
"351","Ff8ife11JX0",271828,1565,25,"0",61,"Train Like An Angel 2014 Teaser"
"352","FMTo9XnhgLY",202913,2835,21,"0",155,"Victoria’s Secret Opening in Dublin"
"353","9kcXrpiZ2N8",38261,198,22,"0",23,"Victoria's Secret Live: Jean-Philip Grobler & St. Lucia"
"354","iC7Ou0kePB0",32635,262,2,"0",47,"VS Angels Raise a Sweat & Raise Money at Supermodel Cycle"
"355","yKnY8y2JD-g",136526,404,10,"0",33,"Victoria's Secret Angels Heart The World's Sexiest Chocolate"
"356","_GWITWAH6YM",48648,1089,11,"0",26,"Voices of the Angels: Olivier Rousteing Interviews Ale"
"357","kPPE5HEekwA",71426,989,20,"0",39,"Victoria Fragrance Nominated for Top Honor. Vote NOW!"
"358","iYpxxHQrP_Y",326623,1969,51,"0",89,"Victoria’s Secret Very Sexy Push-Up TV Commercial (Extended Cut) (October 2015)"
"359","j-_oupXZcp8",70405,1063,13,"0",29,"Own The Look: Lily in the 2016 Victoria’s Secret Fashion Show"
"360","vE9Mk9u8wcs",151319,2848,32,"0",86,"Victoria’s Secret Holiday 2016 Commercial (:30)"
"361","iIUma2jEryk",19441,113,2,"0",3,"Fashionair Trailer"
"362","28DcYHLrb0k",378342,7703,77,"0",708,"Coming Soon: The Making of the 2017 Victoria’s Secret Fashion Show"
"363","TXVHmqlvRTA",355810,616,47,"0",8,"Bikini Mixer® with Miranda Kerr"
"364","1yWIGx-hu3s",62155,197,5,"0",15,"A Day in the Life of Erin"
"365","e_QGdGlxJJI",57534,216,3,"0",40,"Behind the Scenes of the Fall 2011 Gorgeous TV Commercial"
"366","zLj_wqGEJvk",217193,1188,36,"0",119,"Highlights from the Victoria's Secret 2013 What Is Sexy? Press Day"
"367","_fMRrhha5JU",119155,835,53,"0",93,"Victoria’s Secret Scandalous Fragrance Video (October 2014)"
"368","xRiW9MU8FPM",38266,147,7,"0",6,"Inside the VS Holiday 2009 TV Shoot:  Part 2"
"369","oEwB5u3XHuk",72591,148,9,"0",8,"Jamie Lee's Journey"
"370","gWJNMlltS34",517462,5142,106,"0",133,"The 2016 Victoria’s Secret Fashion Show: Taylor Hill’s Road to the Runway"
"371","jb1ZoI36bSo",80873,213,21,"0",7,"Kylie's Journey"
"372","zu4cpDASRTA",76691,768,37,"0",26,"Victoria’s Secret Scandalous Nominated for Top Honor. Vote NOW!"
"373","fQR7WjSiMmE",72570,1847,31,"0",62,"Real Talk: Alessandra Ambrosio on LOVE"
"374","T4aibUbNJjc",66417,665,13,"0",44,"Victoria’s Secret Angels Talk Shopping (Part 1)"
"375","xtzPfRyGO-g",104764,696,38,"0",293,"Behind the Scenes: Victoria's Secret Dream Angels 2013 Shoot"
"376","QvY2IjVe0sU",134458,985,19,"0",64,"Behind the Scenes of the Very Sexy Campaign (Spring 2014)"
"377","lKibhFGjo30",176433,850,35,"0",130,"Behind the Scenes:  The Victoria's Secret Very Sexy Summer 2013 Shoot"
"378","PK8jJuCxEP8",2111636,1799,74,"0",136,"Victoria’s Secret Holiday 2015:  Ice Angel"
"379","xiJ6r6WOxhw",660018,1777,85,"0",275,"Happy New Year 2012 from the Victoria's Secret Angels"
"380","g4E6I6nia3M",373348,2873,37,"0",232,"Victoria’s Secret Opening in Poland"
"381","mdY-fLSfq3w",71084,1807,50,"0",39,"How Angels Get Festival-Ready"
"382","OT5NJ_PDxHQ",65217,694,2,"0",31,"Behind-the-Scenes of the Incredible Shoot"
"383","CoQphrG0wWU",151573,2617,28,"0",104,"Sara’s Night In"
"384","AB98iP2Z20g",110306,1141,12,"0",44,"Victoria’s Secret Supermodels Off-Duty: Beach Edition"
"385","XnjTJTHT9tw",103826,120,9,"0",2,"ANGEL BOOT CAMP TASK 3: JAMIE LEE- WATCH & VOTE NOW!"
"386","7akZZtGGYVE",97431,1397,19,"0",42,"Own The Look: Elsa in the 2016 Victoria’s Secret Fashion Show"
"387","l8pjwwLdp20",163326,2468,50,"0",158,"Choose Sara’s Night"
"388","7yjXrj6o35c",122470,960,26,"0",55,"Seconds to Sexy:  Behati Prinsloo Reveals the Victoria's S"
"389","dpyQDIM3CPM",99970,1275,123,"0",112,"#WhatAngelsWant, Angels Get, from Victoria's Secret"
"390","9wL6KG4fS9w",20729,79,12,"0",17,"Victoria's Secret Live, Spring 2012:  Photographer Russell James"
"391","J9x7NNXDjIw",100442,1630,52,"0",74,"Real Talk: Stella Maxwell on LOVE"
"392","qzKAwp0c-Bg",190617,2296,17,"0",117,"Victoria’s Secret Opening in Singapore"
"393","xc_LVTrlUMo",91960,1357,55,"0",121,"Introducing the Victoria’s Secret Fantasies Fragrance Studio"
"394","AMDswy3Q6NA",62546,734,184,"0",136,"Get the Look: Summer Gorgeous by Victoria's Secret"
"395","xEs3jPfE2Lo",102840,1463,8,"0",63,"Behind The Victoria’s Secret Swim Special: Candice & Adriana’s Outtakes"
"396","t5LLyA9c3vw",170958,3097,20,"0",89,"The 2016 Victoria’s Secret Fashion Show: Elsa Hosk’s Road to the Runway"
"397","rHTDRt29CUs",43375,185,8,"0",36,"Gorgeous: Behind the Scenes"
"398","li_GBBKJgbs",181520,1380,15,"0",49,"Own The Look: Romee in the 2016 Victoria’s Secret Fashion Show"
"399","l6Giuh8crZM",135152,1860,104,"0",71,"Victoria’s Secret Paris Fragrance Commercial (:30)"
"400","fe7_8dmYYG0",146194,3795,31,"0",98,"VSxBALMAIN Teaser #5"
"401","B3QSmqcTojQ",178581,320,32,"0",17,"Why Lindsay Ellingson loves her body"
"402","B4soVdLKlsc",84302,805,19,"0",156,"Victoria's Secret Headed to Istanbul"
"403","_1bpwRq1cs8",777175,2287,76,"0",111,"Victoria’s Secret’s T-Shirt Bra Commercial"
"404","sGsgb9UlprQ",100352,1808,46,"0",80,"Real Talk: Elsa Hosk on LOVE"
"405","b5DblrQ7PGc",147340,728,9,"0",87,"VSX Sport:  Get Ready to Train Like An Angel"
"406","f-iVLxfwWM4",144348,2165,24,"0",122,"Victoria’s Secret Obsessed Commercial"
"407","nJIws_UV_Cc",103670,1832,32,"0",97,"Victoria’s Secret Scandalous & New Scandalous Dare"
"408","aWUJu00sqbo",117650,3093,33,"0",106,"VSxBALMAIN Teaser #3"
"409","SG3xTy3qut0",651503,736,14,"0",14,"Start 2015 With 3 New Angel Workouts"
"410","UvZ_qgHxuOM",87451,2018,36,"0",92,"#VSxBALMAIN Teaser #2"
"411","eiCnE8C6sFg",74802,354,27,"0",52,"Victoria's Secret:  A Body for Every Body (Fall 2012)"
"412","oey3HZG2evw",2832862,3118,79,"0",137,"Victoria’s Secret Dream Angels Commercial"
"413","BDcdQw5KmW4",55187,836,16,"0",21,"We Did It! Victoria Takes Top Fragrance Award"
"414","VYzXXmpxz04",4045958,3944,116,"0",205,"Victoria’s Secret Dream Angels Commercial"
"415","aoLaY-aqO9A",98227,2290,30,"0",79,"#VSxBALMAIN Teaser #1"
"416","fEJZGOP-7LY",93463,1406,52,"0",126,"Victoria’s Secret Opening in Amman"
"417","UaYfoK0Eg6A",44177,572,8,"0",21,"Inside Access: The secret behind ""The World's Best Sport Bras"""
"418","eotRz_bgWNg",169497,2415,35,"0",253,"Victoria’s Secret is Coming, Russia!"
"419","Kjq4zfl9iNo",4690795,2524,73,"0",86,"Victoria’s Secret: Sexy Illusions Commercial"
"420","i5VuAbwCuSY",395962,1410,71,"0",100,"Victoria’s Secret – Sexy Shortie In Action"
"421","QMx6uNTXG9U",2979794,1863,60,"0",121,"The Victoria Sport Angel Max Sport Bra Commercial"
"422","0fYMLQjK-MI",1080650,2801,33,"0",111,"Victoria’s Secret – Dream Angels Commercial"
"423","72JvW_yoAcU",37203,189,5,"0",18,"Victoria's Secret Invites You to Get Your Wings"
"424","1ecYWE6gcPw",36776,350,11,"0",80,"VSX Sport:  Behind-the-Scenes of the Holiday 2012 Shoot"
"425","TCLLVauzjpI",206008,1628,57,"0",114,"Very Sexy Trends for Spring/Summer 2014"
"426","w3v0z2Czkgc",61154,1146,12,"0",28,"Own The Look: Martha in the 2016 Victoria’s Secret Fashion Show"
"427","oBvIwEQ4oN0",91829,1622,33,"0",71,"Victoria’s Secret Fragrance Nominated For Major Award. Vote Now!"
"428","2HRcMtzu6L8",138496,947,108,"0",194,"Victoria's Secret Wants to See YOUR Runway Walk!"
"429","cTmyeL6m0Kg",3141603,2523,79,"0",171,"Victoria’s Secret Very Sexy Commercial"
"430","KkS_ZR1NR-o",5348664,2042,78,"0",92,"Victoria's Secret Stretch Cotton Collection Commercial"
"431","hHJiY12PP2E",23149,122,7,"0",13,"SoHo Sweet:  Ale & Rosie"
"432","UPJHgtddYC4",141298,2284,21,"0",175,"Victoria’s Secret Intense Fragrance Online Commercial"
"433","B6PRnGBtH68",1125916,1598,17,"0",69,"Victoria’s Secret So Obsessed Push-Up TV Commercial"
"434","Wwtl0w9mh5s",2701856,2202,73,"0",202,"Victoria’s Secret: The New Sexy Commercial"
"435","aT9zKqMS6Yw",70784,707,24,"0",36,"What Is Sexy Press Day in San Francisco"
"436","allZ7zznEuw",830588,1589,9,"0",60,"The Stories Behind Victoria’s Secret LOVE"
"437","4BZV-zo054g",545543,1003,11,"0",30,"Victoria’s Secret’s New LOVE Fragrance"
"438","2_VY-j88eQA",231293,2220,64,"0",93,"Victoria’s Secret’s Very Sexy Now Commercial"
"439","s2qSf24xM3g",370400,854,96,"0",15,"BBV: Behind the Scenes"
"440","-X5ZMz6be7o",407562,481,22,"0",11,"Behind-the-scenes with Miranda Kerr"
"441","af7lsMD1yUo",175859,1635,51,"0",19,"Total Knockout:  Martha Hunt (Jump Rope)"
"442","96oHrTljFr8",692768,2060,28,"0",106,"The Victoria’s Secret Semi-Annual Sale TV Commercial (Summer 2016)"
"443","EXMjcEP8fII",113895,1726,20,"0",34,"Behind The Victoria’s Secret Swim Special: Candice Swanepoel"
"444","0UfnFuJ1-6w",184411,2084,24,"0",87,"Victoria’s Secret:  xo, Victoria Online Commercial"
"445","0qJX2U34SH4",1033242,1797,41,"0",94,"Victoria’s Secret – The Bralette TV Commercial"
"446","hsU4ZhYxOzk",88657,1134,23,"0",47,"Victoria’s Secret: Sexy Illusions Push-Up Plunge"
"447","3VeG3_YUOIk",160630,2097,40,"0",130,"Victoria’s Secret Sexy Illusions Commercial"
"448","lHWq0iDFVT4",56356,492,13,"0",23,"Victoria’s Secret Angels Talk Shopping (Part 2)"
"449","_NlyPnYNEvI",16470,58,4,"0",2,"Behind the Scenes of the BioFit® TV Commercial"
"450","4scht4PE9w0",3336130,1735,47,"0",132,"Victoria’s Secret – Sexy Little Things TV Commercial"
"451","JRqTLMU03kE",213128,3455,78,"0",233,"Victoria’s Secret Summer ‘17 Commercial"
"452","qIJQtnP9AIk",2584422,2176,37,"0",134,"Victoria’s Secret Beautiful Commercial"
"453","4zVCoQlibv8",1150741,1222,12,"0",53,"Victoria’s Secret Angels on LOVE"
"454","uDCsU5wUvdQ",1169584,2251,56,"0",151,"Victoria’s Secret - Very Sexy TV Commercial"
"455","F2GJWbooaZo",87501,912,251,"0",130,"Victoria's Secret Heavenly:  Behind the Scenes"
"456","lM0GV5r8siY",254771,1388,55,"0",44,"The New Sexy: Everything"
"457","n0twLFadaDU",50424,196,2,"0",14,"Dream Angels Forever:  Behind the Scenes"
"458","nnp7D24t5X4",79210,1723,12,"0",17,"Victoria’s Secret Sport Teaser 1 (January 2016)"
"459","lwIF4Pe3IBA",112236,962,15,"0",33,"Victoria’s Secret Angels:  London Is…"
"460","r5nAtyL9oeE",146340,982,31,"0",80,"A Best Friend Holiday"
"461","6gQOi6LeiQo",115745,1844,47,"0",69,"Victoria’s Secret T-Shirt Bra Commercial"
"462","L2jRw67uJ2g",98238,547,97,"0",94,"Victoria's Secret New Girl Marloes Horst Talks Everyday Style"
"463","23RfSZnCw5o",113931,1070,8,"0",37,"VS Live:  Before the Fashion Show Promo"
"464","FwpKmems8bc",53174,162,9,"0",24,"Victoria's Secret on E! Live Countdown to the Oscars 2011"
"465","22xheaJQXqk",142154,544,12,"0",115,"Victoria's Secret Brings Very Sexy to the Sunshine State"
"466","KnAGXN4HPgU",78730,299,4,"0",4,"Ready, Set, Runway!"
"467","_y6LXOE-e4c",72070,1539,43,"0",89,"Victoria’s Secret T-Shirt Bra Commercial"
"468","00UGzx1XI7c",102253,1299,23,"0",45,"Jasmine & Lily in LA:  Video Highlights"
"469","ImO_v_RLMUc",44405,110,6,"0",7,"Behind the Scenes: The NEW BioFit® 7-Way Bra"
"470","unIZKkLFV8Y",76114,1088,19,"0",11,"Angels Get Even More in October!"
"471","kMSSlsnqoCE",693209,7229,1189,"0",928,"Bella Hadid Joins the 2016 Victoria’s Secret Fashion Show"
"472","Uf7SKcaeFXE",59877,768,10,"0",87,"VSX Sport Press Day in NYC"
"473","a7BvphORs98",1234449,1802,96,"0",83,"Victoria’s Secret – Dream Angels TV Commercial"
"474","Hb-LTLue2vE",937670,1379,59,"0",79,"Victoria’s Secret Very Sexy Push-Up TV Commercial (October 2015)"
"475","Pb6KQSwju7M",295991,1469,30,"0",42,"Victoria’s Secret – Bralette Collection TV Commercial"
"476","nDQdrbZZr4c",122029,1822,20,"0",59,"Victoria’s Secret Strapless TV Commercial"
"477","OPKUaQtsefo",408950,1199,54,"0",304,"Behind the Scenes of the Body by Victoria Fall 2013 Shoot"
"478","zXsLiT_OafY",122092,2307,21,"0",137,"Victoria’s Secret Sport - ‘Here’s the Deal’"
"479","yMCIo8qrlEQ",39015,155,0,"0",22,"Sequins. Spotlights. Supermodels."
"480","NVAZxdE3Lzo",72099,928,22,"0",50,"On the Set with Taylor, Sara, Stella, Jasmine & Kate"
"481","cOHUxzqoJ8A",133438,1637,41,"0",34,"Victoria’s Secret’s Party Nights Mist Collection"
"482","QGplpvXZCcA",285782,1677,78,"0",139,"Victoria’s Secret – Body By Victoria “Easy” Collection TV Commercial"
"483","pf4USjgFics",35657,160,1,"0",15,"Bombshell Beauty Tips"
"484","3-CLo1aaHvw",134669,741,11,"0",17,"Behind The Victoria’s Secret Swim Special: Volleyball Angels"
"485","77zOMb3obqQ",17284,97,5,"0",8,"Victoria's Secret Live: Stylist Estee Stanley"
"486","iMT8Zqe5Dz0",192074,498,37,"0",80,"Victoria's Secret: My Gorgeous Valentine Promo"
"487","Gp7xLNSmWl4",53106,1003,25,"0",46,"Victoria’s Secret: Sexy Illusions Lightly Lined Wireless"
"488","dJh8RmEyOJU",182805,3171,33,"0",91,"2016 Victoria’s Secret Swim Special Teaser 1"
"489","ciTCUf4DZUk",32563,199,3,"0",33,"VSX Presents Train Like An Angel: Showtime"
"490","0roAz2QbGRs",39643,807,13,"0",23,"Victoria’s Secret: Sexy Illusions Lightly Lined Demi"
"491","6ydo9136fi4",338590,1406,31,"0",47,"Victoria’s Secret – Easy Collection TV Commercial"
"492","mH6MWpzn8B4",75333,826,40,"0",21,"Total Knockout:  Elsa Hosk (Weights)"
"493","7wCjTs9OEyc",43445,211,6,"0",4,"Fit for An Angel"
"494","yxHgJANxgrw",128542,189,9,"0",7,"The Nakeds: Behind the Scenes"
"495","tl6h4eHFtiU",77775,328,7,"0",25,"Get Ready for the Sexiest Workout Ever, from VSX Sport"
"496","QbOGKsWrUE4",122100,995,25,"0",28,"Feeling Romantic?"
"497","y8-_hsf1ulo",27300,140,3,"0",8,"Inside Fashion's Night Out"
"498","QGR-Xs-rqU8",96593,2181,45,"0",96,"Victoria’s Secret Bralettes TV Commercial"
"499","ylaZpmHVm-Y",66586,831,12,"0",34,"Behind The Victoria’s Secret Swim Special: Elsa Hosk"
"500","E1JszwzTQOo",54192,685,12,"0",12,"Behind The Victoria’s Secret Swim Special: Biker Girls"
"501","mSBw98K-8Ww",106977,1172,10,"0",29,"2014 Victoria’s Secret Fashion Show TV Promo"
"502","LfGQbyFDCao",36711,83,7,"0",8,"Elimination 1: A Model Search Divided"
"503","wehYd9RcKDA",75253,1387,13,"0",17,"Victoria’s Secret Sport Promo (January 2016)"
"504","U0Poks2zKBc",68968,441,34,"0",134,"Candice Wants YOU to Vote for Victoria's Secret Angel!"
"505","nuqvMuaeQJo",224119,3861,35,"0",201,"2015 Victoria’s Secret Fashion Show TV Promo"
"506","USorNMaNEzQ",45438,121,4,"0",15,"VSX Sexy Sport:  Fitness Meets Fashion"
"507","QU1iuW7Zj70",140370,766,31,"0",44,"Seconds to Sexy:  Doutzen Kroes Reveals the Victoria's Secret T-Shirt Bra"
"508","LJ51plyrIYY",122191,1576,42,"0",204,"Victoria's Secret #WhatAngelsWant Teaser"
"509","y2LxS6ZXZsY",56341,413,8,"0",6,"Behind The Victoria’s Secret Swim Special: Bomba In Old San Juan"
"510","41aojFeSMqk",111961,448,11,"0",55,"Victoria’s Secret Opening in Bahrain"
"511","G_kpX8yDBcA",35498,151,5,"0",0,"Victoria's Secret Fashion Show Interview: Akon"
"512","hd5o1DYTy6Y",69446,1341,34,"0",64,"The New Sexy: Something"
"513","ZDAgUhHihvI",52829,69,4,"0",1,"The Secrets are Out!"
"514","_awLFLQwA2U",78084,241,5,"0",0,"Hot Off the Runway"
"515","3RF7hPwJga0",93990,703,9,"0",14,"Victoria’s Secret Swim Special TV Commercial (:15)"
"516","vDFxWXpIgDE",152487,872,20,"0",25,"Victoria’s Secret Swim Special TV Commercial (:15)"
"517","T1wVs1LOi4w",25646,110,6,"0",5,"And the FiFi Goes To..."
"518","aRr7uZn7kTM",39939,315,23,"0",126,"Another Victoria's Secret Headed to Dubai"
"519","3k7YUQPKecs",72466,446,20,"0",147,"Victoria's Secret Opens in Vancouver August 27!"
"520","T4ieerSqRNE",44307,231,7,"0",72,"Sexy News for Puerto Rico!"
"521","n9L-yP0ECr0",106747,198,11,"0",19,"Recession Wisdom by Victoria's Secret"
"522","cJD35O_68y4",1340706,4104,717,"0",844,"And the 10 Newest Victoria’s Secret Angels Are…"
"523","g2RdF_shhxc",95737,539,32,"0",23,"#AngelGetaways: Fun In The Sun"
"524","_wYZKuEM748",95332,420,4,"0",9,"Train Like An Angel 2014 Teaser:  Alessandra Ambrosio"
"525","xMhl3k_NQK4",56444,536,33,"0",15,"Victoria's Secret: A Look Back at 2013"
"526","sa3j3zXLfpc",21628,86,7,"0",7,"Burgers, BLT's & BioFit"
"527","LuXlssSPj8Y",105184,480,51,"0",37,"#AngelGetaways: Sun, Sand & Sexy"
"528","g5SkacREZqI",13206,88,7,"0",1,"The Black Eyed Peas: Fashion Show Forward"
"529","gC1dSBmToSo",78720,547,38,"0",34,"Seconds to Sexy: Lily Aldridge Reveals the Victoria's Seconds to Sexy"
"530","LR63TfQ7Czc",91978,127,7,"0",16,"BioFit® 7-Way TV Spot"
"531","iwoRJs6YGGg",74157,757,17,"0",6,"Behind The Victoria’s Secret Swim Special: Stay Afloat"
"532","1D-XFQiOX4g",25521,84,8,"0",4,"TENSION & TEARS OVER TASK 1"
"533","BDX0bL7hyJ0",114645,481,9,"0",23,"VSX Presents Train Like An Angel: Tune Up"
"534","7RnB4xsiP3c",17610,97,2,"0",0,"Our First Canadian TV Spot!"
"535","hBoQjH6zDoU",12747,30,3,"0",12,"Show Us Your Victoria's Secret Haul!"
"536","abnuFs_lR3Q",44591,334,11,"0",79,"Mark Your Calendar! Live Stream with the Angels May 30"
"537","BuKsobYDsws",52201,400,40,"0",77,"Seconds to Sexy:  Marloes Horst Reveals the Victoria's Secret T-Shirt Bra"
"538","qnYQckcwAsI",38364,690,43,"0",133,"Victoria Meets The Press"
"539","SKSWquCnlYU",57455,109,14,"0",3,"So You Wanna Be a Runway Angel?"
"540","9Kr7YbIbaag",15281,74,11,"0",3,"Stay Up Late With Us!"
"541","uP3HCV7jMWQ",71356,589,20,"0",86,"Happy Holidays from Team VSX!"
"542","3WRiLJLD3g4",194587,341,11,"0",48,"Casting Confidential"
"543","YHsUM0ma6G8",116446,726,59,"0",31,"Victoria's Secret #RunwayWalkOff Mash-Up"
"544","spnviSJ2D4w",18790,99,4,"0",2,"RUNWAY READY"
"545","x0ZoMy1KGmE",52325,623,34,"0",51,"September is for Angels!"
"546","bC9eAVCq7Ew",154629,1114,34,"0",304,"Victoria's Secret Angels on the Art of Living Fabulously"
"547","6_jQJ8pgcKQ",75968,608,17,"0",4,"Feeling Playful?"
